rating,review,developerResponse,title,userName,date,isEdited,app_name,app_id
5,"I downloaded this app right after i had a panic attack and a friend told me about it. so far itâ€™s helped a lot when i have my panic attacks . when my panic attacks start or i feel as if iâ€™m going to have one i hit the rootr button and it gives me two options , help me feel okay and letâ€™s do this which are very helpful because if i just need a little bit of assistance with my panic attack i can hit the letâ€™s do this button then it still gives you help and walks you through a little bit but it is a lot faster then if you hit the â€œhelp me feel okay â€œ button it says a lot of different things that help make you feel okay. and you can even tap the screen to have them read aloud to you. and it keeps going and asks you if you feel the panic had ended and if you hit the no button then it keeps going through things but if you hit the yes button then itâ€™s over with . overall i gave rootd a 5/5 stars because of how helpful it is .","{'id': 23557384, 'body': 'We are so so happy Rootd has been helpful. Thank you for sharing your review <3', 'modified': '2021-06-24T05:42:49Z'}",extremely helpful!,Lizzy0826,2021-06-23 00:08:15,False,rootd-panic-attack-relief,1289018369
5,"I have never written a review for any app before, but I had to for this one if it means possibly helping someone. I have tried many anxiety relief apps that I ultimately end up deleting because they simply arenâ€™t effective. They always seem so limited and robotic, and this is a breath of fresh air from that. It makes me feel supported, like Iâ€™m not going through this alone. There are two options for when you need help, which adjusts to your mood, depending if you want to be comforted or if you feel like fighting your anxiety that day. There are features that make this journal seem more honest and real, instead of just going through the motions. Honestly, thank you for this. If you deal with anxiety on a daily basis or get attacks, I urge you to get this app. You might find it more helpful than you expect. Wish you all the best ðŸ¤","{'id': 23027267, 'body': 'Thank you so much for taking the time to write your first app review. We started Rootd following personal struggle with panic attacks and anxiety, weâ€™re a small team, and feedback like yours is so heartwarming and motivating. Sending you our best wishes ðŸ¥°', 'modified': '2021-05-26T15:40:18Z'}",wow :),Abdjdjskdj,2021-05-24 22:14:38,False,rootd-panic-attack-relief,1289018369
5,"This app makes me feel like Iâ€™m not as alone as I normally would feel. I am a 14 year old girl who is struggling with depression, body imagine and most of all anxiety and panic attacks. They are very scary and make me feel like Iâ€™m stuck in a dream and canâ€™t get out. I have a ton of medication but I thing seems to work, this app helps a lot! Knowing that Iâ€™m not the only one who feels this way and Iâ€™m not alone, I never thought life could get this hard especially so early on but it can and it did ðŸ˜¢ this app helps me breathe and focus. I have only had it for 2 days and I feel better about panic attacks and anxiety! I still feel alone and scared a LOT but trust me this can and WILL help you so I suggest giving it a try.","{'id': 21997139, 'body': 'Thank you so much for your review. It sounds like you are very brave, and already taking amazing steps in managing + overcoming these harder times. Rootd is here to help, and weâ€™re so thankful youâ€™re finding it useful. ', 'modified': '2021-04-01T15:22:18Z'}",â¤ï¸,becca_bean,2021-03-31 05:15:51,False,rootd-panic-attack-relief,1289018369
5,"I am really grateful for this app! I have started having panic attacks recently and was very confused and worried about my health. I have done a few medical exams, but did not find any serious issues. However, every time i am starting to feel anxious, i keep on thinking that something is wrong with me and wind up having a panic attack feeling like i am suffocating and losing ground. Reading the Rootd explanation of how panic attacks work really helped me calm down and prevented an onset of another attack. Just by having an app on my phone i am already feeling more confident that i can deal with a panic attack (which hopefully wonâ€™t occur at a level it has before simply due to the knowledge of having Rootd support). Thank you, Ana","{'id': 20611128, 'body': ""Hi there Ana!\n\nYes, you are describing what so many with anxiety and panic attacks unfortunately go through. We're so happy that you found Rootd and that you can feel more confident having this knowledge under your belt. Thanks so much for leaving this thoughtful review so that others experiencing what you were can see that there is a solution out there.\nAll the best! "", 'modified': '2021-01-24T19:38:16Z'}",It helps!,ana!&@,2021-01-22 18:42:02,False,rootd-panic-attack-relief,1289018369
5,I am afraid to die and no one wants to but when I found this app I instantly used it my panic attacks are hard to calm down I breathe heavily I feel like I have to faint and with this app it help me so much I am not an adult and it is not crazy because kids are afraid of something and my fear is dying but my family and this app told me to feel better and that death is apart of life and I was back on my feet but I still get them so I use this so my panic attacks can go away and I do not have fear anymore I love this app and if you have anxiety you should use this app because this calmed me down and it will do the same to you help you get rid of your anxiety and fears.,"{'id': 20144010, 'body': 'Thank you for your review. Rootd is always available to support during panic attacks, even offline, and we wish you the very best on your journey and in this new year!', 'modified': '2021-01-04T00:29:47Z'}",Love and best app for anxiety,omg lol brb #,2021-01-01 20:26:22,False,rootd-panic-attack-relief,1289018369
4,"i really like this app. i mean REALLY like this app. i wish we could give half stars because it would be a 4.5 star rating. the only thing that keeps me giving a 5 star rating is that the education or techniques are seemingly limited and donâ€™t renew themselves. 

i tried the premium version on a week trial base. i even found myself wishing for more techniques and education to be available because i had gone through a great deal of it. i couldnâ€™t help but wonder whether i would eventually get bored with this app and forget that it existed or move onto to something else that seemed to better meet my need for a little more variety and choices. 

that aside, i do enjoy this app and find it helpful and the graphics are adorable. great job rootd.","{'id': 21997097, 'body': 'Thank you very much for your review. We just released a new app update today with new guided visualization, a brand new check-in tool, and more. Please check it out!\n\nWeâ€™re constantly working on more updates, and definitely plan to add more lessons - but weâ€™re a very small team working nights and weekends to move as quickly as possible. \n\nEvery review makes a huge difference for whether or not other users find Rootd - so we appreciate yours and would LOVE to makes it to 5 stars. Please email us at team@rootd.io, weâ€™d love to hear more ðŸ™', 'modified': '2021-04-01T15:20:13Z'}",Thank You Rootd,Future Mrs. ,2021-03-30 15:18:06,False,rootd-panic-attack-relief,1289018369
5,"Aa I assume whoever is reading this is doing right now, I downloaded Rootd (along with several several other anxiety relief apps) in the midst of a panic attack and I'm really glad I did. I had been going to therapy but it wasn't really helping me understand how to deal with panic attacks when they're actually happening, and I would often just cry it out. Thankfully, this made my attacks much shorter, it's so user friendly and I really appreciate the affirmations it comes with in the SOS feature... while most apps just have a breathing graphic, I feel like I personally need affirmations during attacks and this is perfect for that.","{'id': 22204828, 'body': 'Thank you so much for your feedback. Weâ€™re really glad to hear the panic button SOS feature helped with your panic attacks. Wishing you only the best!', 'modified': '2021-04-13T02:16:46Z'}",hidden gem,xelseok,2021-04-11 06:20:02,False,rootd-panic-attack-relief,1289018369
5,"Iâ€™ve been dealing with and learning about anxiety my whole life, and Rootd is one of the first apps that truly helps. Unlike the ones in general meditation apps, its â€œpanic buttonâ€ concentrates on the feelings of severe anxiety only some people face. The fact that the watch app speaks aloud instead of requiring headphones is a godsend. I do wish there was volume control, but I donâ€™t think thatâ€™s a fault on the developerâ€™s end. One thing I would say would push this over would be being able to select a number of â€œmotivation notificationsâ€ throughout the day. Iâ€™m saving up for the lifetime version.","{'id': 23267992, 'body': 'Thank you so much for your lovely review. Really like your idea for motivating notifications too! Definitely something we want to add soon - we have a big update to the visualizations and sleep tool coming soon too. Thanks again :)', 'modified': '2021-06-08T15:09:24Z'}",Fantastic Resource,Megaudc,2021-06-06 19:29:44,False,rootd-panic-attack-relief,1289018369
5,"My friend told me about this app a few days ago. This morning, after a particularly rough nightmare, I woke up in a panic attack, grabbed my phone and stumbled to the bathroom to get sick. I remembered the app and hit the red button, reporting that I wasnâ€™t doing well. The reassuring statements on the screen helped so much. I only experienced half the symptoms I normally do, and didnâ€™t need my PRN!! Thank you so much! Your team is incredible for making something like this. I may have repeated my review twice but the one I submitted before doesnâ€™t seem to have gone through so Iâ€™m writing a second one!","{'id': 22622873, 'body': 'You are amazing, Kay! So glad to hear Rootd has proven so helpful and so glad to hear your friend recommended Rootd. We love to hear of friends taking care of friends like this! It would mean a lot to us if you passed Rootd along to further :) Big hugs! ', 'modified': '2021-05-05T00:07:27Z'}",Grounding,Kayburger,2021-05-03 20:20:49,False,rootd-panic-attack-relief,1289018369
5,"This app was recommended to me and it's been an amazing tool for me to use during my panic attacks. It checks in on you daily. there's also a section for journaling where you can input a variety of moods and emotions you may be experiencing. I also find the sleepr section useful for my mild insomnia, it definitely helps you relax. There's a section for lessons that help you to understand what is going on with your body. It's informative and keeps track of your progress. I ve been using it for 2 weeks now and it's extremely helpful.","{'id': 22698710, 'body': 'Thank you so much for your review and feedback. So happy to hear youâ€™ve been using and enjoying so many of Rootdâ€™s features <3', 'modified': '2021-05-08T23:04:35Z'}",Excellent Tool,!<â‚¬++â‚¬,2021-05-06 20:06:54,False,rootd-panic-attack-relief,1289018369
5,"I have been diagnosed with panic disorder and have been struggling with finding different tools to help cope during these panic attacks. Obviously seeking medical help was step one, and getting into therapy was step two. However this app was able to really illustrate what anxiety is, where it comes from, why itâ€™s happening, and how you can control it. The app uses cognitive based therapy techniques which is what you would be doing in therapy so itâ€™s an excellent extension. I highly recommend this app for anyone struggling with panic attacks or anxiety.","{'id': 21196172, 'body': 'Thank you for your review. It sounds like you are taking all the right steps, and demonstrating a lot of dedication and bravery. Weâ€™re sending you our best thoughts and vibes <3', 'modified': '2021-02-21T23:16:20Z'}",Incredibly helpful for understanding Panic Attacks,Chels Ramowens,2021-02-18 20:30:24,False,rootd-panic-attack-relief,1289018369
5,"Iâ€™ve only had this qpp for a few days but so far iâ€™m liking it. I love how the prompts can be read out loud if you need that auditory reassurance. The panic button helps me to focus my anxiety onto something tactile and helps take my mind off of impending anxiety and panic attacks. Itâ€™s also subtle enough because itâ€™s in your phone, no one will know (unless you tell them) that you are having a panic attack. Itâ€™s only been a few days so Iâ€™ll have to see how it goes but so far so good!","{'id': 23443656, 'body': 'Thank you! We definitely wanted Rootd to be a resource you could feel comfortable having open on your phone and time or any place. Thanks for your support!', 'modified': '2021-06-17T15:16:22Z'}",So far so good,LemiKillMrs,2021-06-16 04:27:11,False,rootd-panic-attack-relief,1289018369
5,me and a family member uses this app I wanted to find something manageable and simple for both us and i love the features and how you can get around the app. I love the reminders that you can set for yourself especially when you know when your attacks come into a certain mode of the day and that we can share each other accomplishments and goals. I am still working on the app but I hope this apps gets out for anyone that needs it.,"{'id': 20699201, 'body': 'Thank you for your review. Weâ€™re really glad to hear Rootd is helping.', 'modified': '2021-01-28T03:43:51Z'}",anxiety flare ups,Ayeooo_Mel,2021-01-24 21:17:39,False,rootd-panic-attack-relief,1289018369
5,"This app has a lot of options to relieve stress including customization inside of those options! The app targets many different aspects of anxiety and offers reassurance as well as confidence building. Even if your not looking to stop panic attacks, You can still use the journaling, sleep and breathing feature just to make your life a little less stressful. I recommend this app for anyone with a busy mind who wants to calm down 
a bit!","{'id': 22469082, 'body': 'Thank you so much for your review and recommendation! Please do share Rootd with anyone it could help. ', 'modified': '2021-04-26T18:56:37Z'}",A dynamic and effective stress reliever!,Temi654,2021-04-24 17:55:35,False,rootd-panic-attack-relief,1289018369
5,"My daughter (9) and I both deal with some anxiety, and I wish Iâ€™d known about this app a long time ago. Weâ€™ve been doing the breathing exercises and visualization together for the last couple of days, and we both love it! I havenâ€™t hit the panic button yet, but after reading about how it works, Iâ€™m sure it will be an enormous help if I need it. I honestly believe this is an app that literally everyone needs to have!","{'id': 20589836, 'body': 'Thank you for such a kind review! Itâ€™s so heartwarming to hear you and your daughter are sharing the journey through anxiety together. Youâ€™re lucky to have each other and stronger because of it ðŸ¥° Weâ€™d love to know how you did find Rootd - please email us at team@rootd.io ', 'modified': '2021-01-23T02:10:49Z'}",Where has this been all my life?,MelissaMarieBezner,2021-01-20 04:59:47,False,rootd-panic-attack-relief,1289018369
5,Iâ€™ve been having terrible anxiety and panic attacks especially when driving. Iâ€™ve been looking everywhere for help on how to stop them or at least make them spread out. I like this app because it breaks down what happens during a panic attack and can walk you through it to calm you down. The panic button is a great touch and can call your emergency contact if youâ€™re freaking out too bad.,"{'id': 20914195, 'body': 'Weâ€™re so thankful Rootd has been helpful. Sending you positive thoughts and wishes!', 'modified': '2021-02-08T03:52:10Z'}",So far so good,Poe4lyfe7,2021-02-06 15:19:35,False,rootd-panic-attack-relief,1289018369
5,"I often end up downloading apps for anxiety and things like this and end up deleting them within a few days but this app is increasingly helpful, especially when I am experiencing a panic attack. The app also has many features like journaling, it teaches you about anxiety, and it has sections where you can focus on your breathing. I 10/10 recommend getting this.","{'id': 23443637, 'body': 'Thank you so much for your review and recommendation! Happy to hear youâ€™re enjoying the features :)', 'modified': '2021-06-17T15:15:01Z'}",Great app,gnarly2510050,2021-06-16 04:10:39,False,rootd-panic-attack-relief,1289018369
5,"My mom found Rootd for me, because I deal with panic anxiety. I have noticed that understanding the sensations that you feel when having a panic attack can help your mind calm down. I really enjoy how the app gives you all the information on what anxiety is, and how we can try to overcome our fears. I haven't had the app for too long, but I'm hoping that it can be one of the tools to help me overcome anxiety. ðŸ™‚","{'id': 21009433, 'body': 'Thank you for your review! We really hope you continue find it helpful too :) Please send us your thoughts/feedback after youâ€™ve had more time to try it out - team@rootd.io ', 'modified': '2021-02-12T01:05:46Z'}",So far so good.,SimpleSoul1,2021-02-10 19:51:12,False,rootd-panic-attack-relief,1289018369
5,"Iâ€™ve been dealing with A LOT of stress at work recently, but last week was, by far, the worst. I had my first full-blown anxiety/panic attack in months and could not pull myself out of it. I started looking for breathing exercises online and found Rootd. It was a lifesaver. I went through the breathing exercises a couple of times and was finally able to, well...breathe again. Thank you.","{'id': 20225574, 'body': 'So glad to hear this! You can set daily reminders to use the breathing exercise in the app to if it helps too. Thank you for your review!', 'modified': '2021-01-06T21:38:20Z'}",Thank you!,mLori171,2021-01-05 01:28:17,False,rootd-panic-attack-relief,1289018369
5,"I like this ap. I opted for the free trial. Iâ€™m under extreme stress and therefore, countless panic attacks. Literally sometimes I think Iâ€™m loosing my mind, Iâ€™m not. And Iâ€™m okay. You can select breath (much like the Breathe ap in Apple Watch). You can select Rootr who provides you with guidance during panic attacks. I went through the entire Rootr screens and prompts. Hopefully my panic attacks which are anxiety, go away. This is a keeper.","{'id': 23665657, 'body': 'We are sending you are best thoughts and wishes. That you for sharing your review!', 'modified': '2021-06-30T03:56:59Z'}",Itâ€™s a good ap,Rhonlynn,2021-06-25 19:57:48,False,rootd-panic-attack-relief,1289018369
5,"I love that Rootd explains so much and gives the science behind anxiety. I feel like if I can rationalize whatâ€™s going on in my body it helps me feel better. Everything in their lessons is incredibly reassuring. The different tools they provide you to help with anxiety and emergency panic attacks are phenomenal. I just wish that they had some longer sleeprs, visualizrs, and breathrs","{'id': 23160457, 'body': 'Thank you! Good news - we have a new update coming very soon for the Visualizr and Sleepr we think youâ€™ll really like ðŸ˜', 'modified': '2021-06-02T20:45:02Z'}",Helps rationalize my irrational thoughts,ayyymai,2021-05-31 21:16:14,False,rootd-panic-attack-relief,1289018369
5,"I am new to this app and loving it! I adore the cute Rootd monster and the low pressure journalling feature. The courses are also delightful!

I would pay for premium if there was an option to see a chart of your moods over time. 

I highly recommend this app to anyone struggling with their anxiety but finds other apps in the App Store useless.","{'id': 20483216, 'body': 'Weâ€™re so happy that you found Rootd (and that you find our blue monster cute). We have many plans to continue updating/improving the app, and mood tracking is a great idea!', 'modified': '2021-01-18T17:59:26Z'}",Adorably Calming and Supportive,DHaleyF,2021-01-14 22:17:54,False,rootd-panic-attack-relief,1289018369
4,I would give this 5 stars however I have two problems 1. For the lessons I understand that you need to have money but what if you made it so you had to watch a ad 2. During the panic attack button it said you donâ€™t experience panic attacks 24/7 but what if you do like me for instance Iâ€™m younger and yet I still have panic attacks almost always,"{'id': 22669427, 'body': 'Hi and thanks so much for your review! Happy to address the points below :) \n1) the understanding lessons in Rootd are completely free and will stay that way. They help you understand whatâ€™s going on during a panic attack and provide the tools you need to manage them. The only paid lesson content is the short and long term lessons, and they are for when youâ€™re ready to use Rootd to manage panic attacks and anxiety for the long term. Creating and maintaining an app is quite expensive and the proceeds help us make sure the app continues to be great! \n2) when we say panic attacks donâ€™t last 24/7, we mean a single panic attack cannot last 24/7. It ebbs and flows as our body finds its way back to calm. Please ask your physician about the details, as hearing from a medical professional is important. We know panic attacks personally and can sympathize. So sorry you had that experience :(  \nPlease send us an email at support@rootd.io to discuss further as we love to hear from users. Big hugs! ', 'modified': '2021-05-07T03:56:31Z'}",I love it just two problems,12345678 stop,2021-05-05 17:51:41,False,rootd-panic-attack-relief,1289018369
5,Iâ€™ve never been able to really relax with any meditation type apps. Iâ€™ve been having really bad anxiety and depression issues for about 2 weeks and the doctor recommended Rootd. It helps to ground me and really stop and calm down for a few minutes. Definitely will keep using and highly recommend!,"{'id': 20483233, 'body': 'Thank you for your review, it really helps! Weâ€™re so glad you found Rootd, and that youâ€™re finding it helpful. Please message us anytime at team@rootd.io', 'modified': '2021-01-18T18:00:30Z'}",Love It So Far,snb200000000000000,2021-01-14 13:44:38,False,rootd-panic-attack-relief,1289018369
5,"I downloaded this on a whim and I was very impressed with the over all experience. The graphics are simple in my opinion, they are not over whelming with bright colors. I like that I can set reminders to do things with in the app at certain times. Itâ€™s been 3 days and I feel calmer in some of my daily routines.","{'id': 20958498, 'body': 'Thank you so much for sharing your review <3', 'modified': '2021-02-09T15:45:47Z'}",Very calming,cds1028,2021-02-07 18:05:08,False,rootd-panic-attack-relief,1289018369
5,"I had been looking for an App to help me with my anxiety. I have found several meditation apps, but none as comprehensive as this app. Meditation is one of the modalities used, but this app really educates you! It walks with you hand in hand through education and healing. I recommend this app to everyone! Especially in these unprecedented times!","{'id': 20272462, 'body': 'Thank you for your review. These unprecedented times are challenging for many in many different ways, and weâ€™re so glad you found Rootd helpful. ', 'modified': '2021-01-08T17:42:32Z'}",Excellent App!,DeeMarieMe,2021-01-06 20:28:45,False,rootd-panic-attack-relief,1289018369
5,"I have relied on Rootd to help me through difficult times. It has been so beneficial. Through the app and with help of a therapist, I have seen major improvement. You wonâ€™t be disappointed. Even if you canâ€™t get to a therapist, practice the lessons on Rootd. Youâ€™ll learn about your strengths too!","{'id': 23665645, 'body': 'Thank you for such kind feedback! Weâ€™re so happy Rootd has been helpful.', 'modified': '2021-06-30T03:56:00Z'}",Since the pandemic began,OliverBleu,2021-06-25 09:53:44,False,rootd-panic-attack-relief,1289018369
5,"I suffer from anxiety and panic attacks and Iâ€™m always looking for new strategies for relief. This was recommended by a friend and it not only help alleviate my physical symptoms, it did so in a way that was helpful. Rootd did not just try to distract me (that can only wait to for a moment or two). Rootd used science and reminded me that my physical symptoms will diminish. And they did!","{'id': 21663240, 'body': 'Thank you so much for your review. Weâ€™re really glad your friend recommended you try Rootd. Please do share it with anyone else you think it could help!', 'modified': '2021-03-15T15:50:30Z'}",Quick relief!,Momuvboyz,2021-03-11 18:00:37,False,rootd-panic-attack-relief,1289018369
5,"Itâ€™s been two days and I already feel this app is a game changer. The way it helps you through panic attacks is incredible. It doesnâ€™t coddle you, but it still calms you. The trick to it is....you have to want to do it. Be open, let the app do its thing, and youâ€™ll be amazed at how well it works!","{'id': 20535770, 'body': ""Hi there! You'e very right about this! While there are parts of Rootd that work for anyone - high anxiety or not - such as the Breathr and Visualizr tool, you're really right about needing to want the change to get the best effects, and to trust Rootd to work well :) Thanks for the thoughtful comment and review. We're happy you found Rootd and that it is there for you. "", 'modified': '2021-01-20T18:45:26Z'}",Very Good in Helping To Calm,JRCheez,2021-01-17 19:18:49,False,rootd-panic-attack-relief,1289018369
5,"Iâ€™m suffered from panic attacks for so long. Medication helped but now they are starting to come back. This app really makes me feel like someone out there understands how it feels to have such painful anxiety. Great app and it has really helped me to feel calmer. Itâ€™s not an attack, just a sensation.","{'id': 20699277, 'body': 'We made Rootd out of personal experience with anxiety, so the cause is very close to heart. Thank you so much for your review.', 'modified': '2021-01-28T03:47:26Z'}","Itâ€™s not an attack, just a sensation.",#thisisme:),2021-01-26 03:04:07,False,rootd-panic-attack-relief,1289018369
5,"I enjoy the multiple options available for de-stressing. The lessons are calming to read, the journal helps you keep track, the ambient noises help you relax and the breathing and visualizer act as pacers! Would recommend to anyone who likes to try out different options!","{'id': 22469101, 'body': 'Thank you for your review! Rootd is designed to help along the entire journey of managing and overcoming panic attacks and anxiety. Weâ€™re so glad you like the variety of tools and content. ', 'modified': '2021-04-26T18:58:06Z'}",One stop for relaxation,Timilehin ariyo,2021-04-24 20:05:43,False,rootd-panic-attack-relief,1289018369
5,I would suggest this app for anyone who suffers from Daily panic attacks and anxiety as it helped me when I was having a full out attack while driving and being 1 hours away from Home. It truly felt like I had a counselor alongside me pushing me to feel better.,"{'id': 20142024, 'body': 'Thank you for your review, hearing this feedback is great motivation for us to continue working hard on Rootd. Youâ€™re amazing!', 'modified': '2021-01-03T19:20:12Z'}",Great app,lopez97323,2021-01-02 03:22:57,False,rootd-panic-attack-relief,1289018369
5,I downloaded this in the middle of a panic attack and after using 3 rounds of the prompts using the button I felt so much calmer. Iâ€™ve been using the journal and visualizer and it really improved my mental health. Thank you to all the amazing people who came up with the prompts,"{'id': 23005359, 'body': 'You are so so welcome! Thank YOU so much for your support ðŸ¥°', 'modified': '2021-05-25T15:41:32Z'}",ðŸ’•,AmyCRNA,2021-05-24 03:41:42,False,rootd-panic-attack-relief,1289018369
5,"Very helpful, and educational. If you are practicing good mental hygiene this will be very useful. Pressing the button when you are having a panic attack makes you more in control, I really like that feature.","{'id': 20812481, 'body': 'The big red panic attack relief button was the first idea behind creating Rootd to support panic attacks and anxiety. Thank you so much for your review!', 'modified': '2021-02-02T16:05:19Z'}",Push the Bug Red Button,Whatupwitdat??,2021-01-29 21:40:59,False,rootd-panic-attack-relief,1289018369
5,This app really helps me when Iâ€™m feeling anxious! And itâ€™s so convenient to have everything right there on your phone for easy access. I especially love it for when Iâ€™m feeling a panic attack coming on at work. It really works!,"{'id': 21481747, 'body': 'Weâ€™re so happy you like it, thank you for your review!', 'modified': '2021-03-06T03:39:13Z'}",Awesome!,ChelsAutry,2021-03-03 19:15:33,False,rootd-panic-attack-relief,1289018369
5,This app has been so helpful for me! It is great at explaining the way anxiety etc. affects you mentally and offers helpful strategies for coping with stressors. The button for panic attacks has helped me multiple times and offers affirmations that are really helpful in moments of distress.,"{'id': 21402922, 'body': 'So thankful to hear Rootd had been helpful. Thank you, and please let us know if you ever have questions or more feedback - team @rootd.io', 'modified': '2021-03-02T16:37:11Z'}",5 stars!,e12819,2021-03-01 04:20:55,False,rootd-panic-attack-relief,1289018369
5,I highly recommend this app I have been suffering in silence with my pain attacks and felt crazy by my doctors always found no reason for my feeling racing mind and trouble at night sleeping so happy I found this app it helps,"{'id': 21196175, 'body': 'Weâ€™re so thankful to hear it has helped. Thank you for sharing!', 'modified': '2021-02-21T23:17:29Z'}",Helpful,Ko07tt,2021-02-19 23:32:26,False,rootd-panic-attack-relief,1289018369
5,I have only had this app for a week but there is some really useful information. I think that the UI is very easy and understandable. Iâ€™m looking forward to seeing how this can help.,,Recently Downloaded,Q 1/16/2014,2021-01-27 21:24:44,False,rootd-panic-attack-relief,1289018369
5,"If you are ever having any problems mentally, download this app! Especially during this pandemic when we couldnâ€™t have been more far apart, this app is what you need to achieve mental well-being!
James",,This app is a lifesaver!,henrntmzkjrbamkckc smkd,2021-01-29 11:28:37,False,rootd-panic-attack-relief,1289018369
4,"Iâ€™ve tested a few of these apps. If youâ€™re in the grips of terror and feel like your chest is caving in, then this wonâ€™t help once panic grips you, but if the guy in front of you cuts you off on the freeway, fire it up on Bluetooth and it may lower your heart rate a couple bpm.","{'id': 22002348, 'body': 'Hi :) Weâ€™re fortunate to have many user reviews that speak of Rootd actually being most helpful in the middle of a panic attack. Have you tried the panic button feature? Please email us at team@rootd.io', 'modified': '2021-04-01T22:16:38Z'}",Better than others...,Dr. Vandelay,2021-03-31 14:08:31,False,rootd-panic-attack-relief,1289018369
5,Iâ€™ve only had the app for about 3 days now but I canâ€™t tell you how many times Iâ€™ve already used it! It works well and the best part is it teaches me better self regulation techniques,"{'id': 22298116, 'body': 'Thank you so much for your review! So happy to hear your first few days with Rootd have been helpful and we hope it continues to help support ðŸ¥°', 'modified': '2021-04-17T16:36:53Z'}",Great tool to manage stress and anxiety!!,His_babygirl4ever,2021-04-15 20:49:42,False,rootd-panic-attack-relief,1289018369
5,This app is informative and helpful. What works best for me when having an attack is to understand whatâ€™s happening with my body and mind and practice breathing techniques. This is exactly what the app helps with. Would recommend,"{'id': 20225581, 'body': 'Thank you so much for your review and recommendation. As a small team every review really makes a difference. ', 'modified': '2021-01-06T21:39:00Z'}",Very helpful,MGE_13,2021-01-04 17:16:46,False,rootd-panic-attack-relief,1289018369
5,"I struggle with anxiety and have panic attacks. This app has definitely helped me calm down when I didnâ€™t want to do anything drastic like text my therapist- LOL! Itâ€™s a great way to challenge the anxious thoughts and push into the panic attack, thereby taking control of the situation.","{'id': 20132589, 'body': 'This was our aim when we created Rootd, weâ€™re so glad youâ€™re finding it helpful. Thank you for your review!', 'modified': '2021-01-02T20:06:44Z'}",Anxiety,Abby122091,2021-01-01 03:34:30,False,rootd-panic-attack-relief,1289018369
5,"I downloaded the app with doubt in the beginning, cause Iâ€™ve tried quite a few anxiety services. Then I found this one is for real! it really helps and Iâ€™ll surely continue to use Rootd on a daily basis:)","{'id': 22157964, 'body': 'Weâ€™re so glad to hear this! Daily practice is a great idea, thank you for your review!', 'modified': '2021-04-10T03:25:42Z'}",Glad I found Rootd!,cityahoo,2021-04-08 17:01:10,False,rootd-panic-attack-relief,1289018369
5,"Iâ€™m so glad I found this app! An app that teaches CBT?? That keeps trauma based coping skills at the tip of my fingers?? A place to go during a meltdown or panic attack?? Amazing!! Incredible!! I honestly canâ€™t believe this exists... but, Iâ€™m incredibly grateful that it does. Thank you, Rootd!!!","{'id': 22705918, 'body': 'We are so grateful for your support! Thank you â˜ºï¸ ', 'modified': '2021-05-09T20:08:36Z'}",Excellent,myfragileheart,2021-05-07 21:11:28,False,rootd-panic-attack-relief,1289018369
5,I downloaded the app during a panic attack and it made me be able to calm down. It has helped me slow my thoughts during panic attacks many times! 10/10 recommend!!,"{'id': 22698713, 'body': 'Weâ€™re so thankful Rootd could help, thank you for sharing!', 'modified': '2021-05-08T23:05:03Z'}",Loved it!,ratrat420,2021-05-06 22:04:42,False,rootd-panic-attack-relief,1289018369
5,I started using this tool to help me get through cravings during my quitting smoking journey. It quickly became so much more. Iâ€™ve noticed my anxiety and panic moments have almost diminished. Itâ€™s been a breath of fresh air (pun intended)!,"{'id': 20462674, 'body': 'Thank you for sharing your awesome progress!', 'modified': '2021-01-18T05:17:36Z'}",Nice tool to remind you to breathe!,JReno76,2021-01-16 14:44:15,False,rootd-panic-attack-relief,1289018369
4,"As a person who just started experiencing anxiety attacks, Iâ€™m grateful that there are apps like this to help. The information was general but good. I wish the Rootr (panic button) could be expanded and extended more because it just loops and repeats affirmations which could get old fast.","{'id': 20699252, 'body': 'Thank you for your feedback. We are constantly working on new updates to Rootd and adding new features - weâ€™ll do our best to make it a 5 star experience for you soon!', 'modified': '2021-01-28T03:46:16Z'}",Has Helped So Far,blueblack_jack,2021-01-25 22:19:44,False,rootd-panic-attack-relief,1289018369
5,This app really helped me when I was in my worst mentally it helped me realize how much just breathing and meditating really helps your day improve and feel good and how it helps you progress love this app rootd is my best friendðŸ’•ðŸ’•,"{'id': 22734374, 'body': 'We are so thankful Rootd could help. Sending you the best vibes, thank you for your review!', 'modified': '2021-05-11T05:04:57Z'}",Best app ever,Annmariiee00,2021-05-09 19:42:28,False,rootd-panic-attack-relief,1289018369
5,"I have general anxiety, social anxiety and a panic disorder. I recently started using this app for help calm my panic / anxiety and so far it is helping. I recommend downloading if you are looking to put in the work to calm your anxiety / panic.","{'id': 22130172, 'body': 'Thank you so much for your review and recommendation! Weâ€™re really happy Rootd has been helping. ', 'modified': '2021-04-08T15:49:56Z'}",An app worth downloading !,heatherrmarieeee,2021-04-04 16:31:26,False,rootd-panic-attack-relief,1289018369
5,"Iâ€™m curious to see how this app will help during a regular panic attack. I havenâ€™t had one, yet; to practice on the on the app. But I did a preview of the panic button. And itâ€™s a unique concept that I actually canâ€™t wait to try.","{'id': 21544640, 'body': ""So great to hear that you see Rootd and the panic button is unique and that you can't wait to give the rest a try. Big hugs!"", 'modified': '2021-03-09T15:37:57Z'}",Panic attacks,Movies989,2021-03-08 00:13:36,False,rootd-panic-attack-relief,1289018369
5,"I love the exercises, the breathing and visualizing helped calm me down. The lessons about anxiety and panic help me to rationalize with myself about whatâ€™s going on in my head and body. It helps me feel less alone!","{'id': 23665600, 'body': 'Weâ€™re so glad youâ€™re finding Rootd helpful. Thank you for your review :)', 'modified': '2021-06-30T03:53:21Z'}",Love the exercises and lessons!,ChelsDannielle,2021-06-27 22:30:24,False,rootd-panic-attack-relief,1289018369
5,It a 5star app because it really helps when Iâ€™m about to have a panic attack or I just really need to get something out that I canâ€™t with anyone.,"{'id': 23527761, 'body': 'Thank you for sharing. Weâ€™re really thankful Rootd is able to help. ', 'modified': '2021-06-22T15:30:22Z'}",5 stars,Deayhstar2009,2021-06-19 23:58:02,False,rootd-panic-attack-relief,1289018369
5,"Having suffered from panic attacks, it is very helpful to have something to help recenter myself. Would definitely recommend.",,Helpful in the moment,Ncdsangel05,2021-01-29 15:49:52,False,rootd-panic-attack-relief,1289018369
5,"This has helped me understand my personal anxiety more, as well as understand what is happening to my body and how to overcome it with more confidence. Highly suggest!","{'id': 20540475, 'body': 'Weâ€™re so glad youâ€™re finding Rootd helpful. Your review really helps other users find Rootd, and helps fuel our motivation to continue improving the app:) Thank you!', 'modified': '2021-01-21T02:06:18Z'}",Amazing for anxiety attacks,ghokkyw,2021-01-18 21:07:07,False,rootd-panic-attack-relief,1289018369
5,This is a handy app both for managing anxiety while you are experiencing it and for learning more about anxiety in general so you can better understand and cope with it.,"{'id': 20294547, 'body': 'Thank you for your review! Please feel welcome to reach out anytime at team@rootd.io ', 'modified': '2021-01-10T16:54:28Z'}",Handy app!,Jto9996,2021-01-09 04:38:05,False,rootd-panic-attack-relief,1289018369
5,"I cannot say how amazing the mission of Rootd is. Please treat yourself this anxiety awareness month by working on finding your inner peace with Rootd. Whether you have panic attacks or some persistent acute anxiety, we all can benefit from Rootd.","{'id': 22031471, 'body': 'Thank you for sharing such a kind review, we really appreciate your support. Wish you all the best!', 'modified': '2021-04-04T05:26:09Z'}",Get Rootd,ARyanHoliday,2021-04-01 16:30:43,False,rootd-panic-attack-relief,1289018369
5,I love the tools I have found on this app so far. The educational lessons and the emergency support button have been really helpful.,"{'id': 20288237, 'body': 'So glad to hear this, thank you for your review!', 'modified': '2021-01-10T03:19:07Z'}",New to this but love it so far,CarynAnne O,2021-01-07 14:10:12,False,rootd-panic-attack-relief,1289018369
1,"I purchased this app, went to use it and got nothing but a blank screen. Deleted and attempted to reload, and it said my payment method failed. But I have a pending payment on my card. Extremely disappointed. And just want the hold taken off my card. Since i cannot utilize the app, I do not want to pay for it.","{'id': 22879788, 'body': ""UPDATE:\n\nWe are still waiting for your email at support@rootd.io. We can solve this for your immediately once you let us know which account is yours (we don't have the ability to find who you are on our end, for privacy reasons) so please reach out :)\n\nHello. Weâ€™re sorry to hear about this issue and weâ€™d like to help fix it asap. Could you please email us at team@rootd.io?"", 'modified': '2021-05-18T16:13:16Z'}",Couldnâ€™t use,anxietybear403,2021-05-15 02:12:58,False,rootd-panic-attack-relief,1289018369
5,The readings and easy navigation of this app is incredible. My mom and I both use it. I use it in the mornings and it is a true lifesaver.,"{'id': 22705931, 'body': 'We are so happy to hear you and your Mom are finding Rootd helpful. Thank you for sharing your review!', 'modified': '2021-05-09T20:09:30Z'}",Wonderful app,evaevez,2021-05-08 01:13:41,False,rootd-panic-attack-relief,1289018369
5,"I just started using Rootd and itâ€™s been very helpful. The interface is great, the lessons and tools, and journal are really neat too. Iâ€™m really glad I found this app.","{'id': 21821083, 'body': 'Weâ€™re really glad you found Rootd too! Thank you for your review :)', 'modified': '2021-03-23T15:31:38Z'}",Very useful,Brian Utah,2021-03-22 02:56:35,False,rootd-panic-attack-relief,1289018369
5,After years of panic I finally have a tool that works,"{'id': 20933649, 'body': 'Weâ€™re so thankful Rootd has helped! ', 'modified': '2021-02-08T16:23:14Z'}",This works,worried vt,2021-02-07 10:23:23,False,rootd-panic-attack-relief,1289018369
5,I recently started using this to help with my anxiety and I will say it definitely helps. The breathing and visualization sections are really nice,"{'id': 20933677, 'body': 'Thank you for your review <3', 'modified': '2021-02-08T16:24:24Z'}",Good app to center yourself,Just4h,2021-02-07 01:47:45,False,rootd-panic-attack-relief,1289018369
5,"I started because anxiety was resulting in critical high blood pressure.  In 2 days, I was back within normal range.  Iâ€™m so grateful.","{'id': 20812537, 'body': 'Weâ€™re so thankful Rootd is helping, thank you for sharing! Sending you our best wishes for continued progress!', 'modified': '2021-02-02T16:09:18Z'}",Better daily,trinkcc,2021-01-31 04:13:52,False,rootd-panic-attack-relief,1289018369
5,Excellent for anxiety and panic attack relief. I have struggled with panic disorder for a several years now and this is a quick easy way to help relieve my panic attacks.,"{'id': 20142020, 'body': 'Thank you for your review, it really helps!', 'modified': '2021-01-03T19:19:23Z'}",Excellent,Person18211,2021-01-02 00:18:41,False,rootd-panic-attack-relief,1289018369
5,Just downloaded it and Iâ€™m very confident I can use it to help ease my next anxiety/panic attack . I will update!,"{'id': 20885737, 'body': 'Thank you! We hope you continue enjoying Rootd and finding it helpful.', 'modified': '2021-02-05T16:33:50Z'}",Just downloaded!,oretalpasor,2021-02-03 18:09:40,False,rootd-panic-attack-relief,1289018369
5,This was very helpful and Iâ€™ve learned to manage my anxiety. Definitely recommending it to my friends that need it,"{'id': 20812386, 'body': 'Thank you for your review! Weâ€™re so thankful you found Rootd and that itâ€™s playing a part in assisting your awesomeness.', 'modified': '2021-02-02T15:59:39Z'}",Helpful,Mk Crazy,2021-01-31 17:58:02,False,rootd-panic-attack-relief,1289018369
5,"Iâ€™ve been trying to find THE APP that works well with my anxiety and shorter attention and so far, THIS IS IT","{'id': 22157967, 'body': 'Thank you so so much for your review and support!', 'modified': '2021-04-10T03:26:13Z'}",Great resource,itsameemily,2021-04-08 23:58:58,False,rootd-panic-attack-relief,1289018369
5,I suffered my first panic attack 4 days ago and the breather tool has really been helping me get ahold of myself.,"{'id': 20907204, 'body': 'Weâ€™re so sorry you experienced that. And weâ€™re thankful Rootd could help. Let us know if you have any questions or feedback anytime - team@rootd.io ', 'modified': '2021-02-07T16:17:08Z'}",Really helpful app,4oh8lupita,2021-02-05 20:44:44,False,rootd-panic-attack-relief,1289018369
5,Easy to use and quick to access if having panic symptoms.,,Simple and cute.,catastrophizing,2021-01-28 03:45:07,False,rootd-panic-attack-relief,1289018369
5,It helped me practice mindfulness and realize I am not alone. It was a great resource of information and helpful in times Iâ€™m not feeling well.,"{'id': 20202197, 'body': 'Weâ€™re so happy it helped, thank you for your review!', 'modified': '2021-01-05T22:03:42Z'}",Rootd was a great relief,superpowers02035,2021-01-03 10:48:14,False,rootd-panic-attack-relief,1289018369
5,"Easy to use, helpful in those difficult moments","{'id': 21617882, 'body': 'Thank you for your review!', 'modified': '2021-03-12T16:59:35Z'}",Great,New2Aps,2021-03-11 05:55:44,False,rootd-panic-attack-relief,1289018369
4,"Love app, but cannot use Pencil with it = I donâ€™t use.

I type enough and frankly, writing by hand isnâ€™t just incredibly beneficial, itâ€™s calming ~~ something this app exists to assist with.

Let me know if Iâ€™m wrong or if you add handwriting capability (and I like my handwriting to stay handwriting!  Bah to text conversion) and Iâ€™ll come screaming back.  ðŸ˜

Fantastic app for those that need it and donâ€™t mind no Pencil use.","{'id': 23462616, 'body': 'Hi. Could you email us at team@rootd.io please? Weâ€™d love to discuss this and see if we can help. ', 'modified': '2021-06-18T15:43:27Z'}",No Pencil?,the one buying,2021-06-16 04:35:26,False,rootd-panic-attack-relief,1289018369
5,So I am afraid is storms but during the storms I use this app and feel much better plus no adsðŸ˜³,"{'id': 22960673, 'body': 'Thank you for your support and kind feedback! ðŸ¤—', 'modified': '2021-05-24T00:55:45Z'}",Wow just wow,averys3770,2021-05-21 23:42:14,False,rootd-panic-attack-relief,1289018369
5,Just started to use this app yesterday and it has already helped me,"{'id': 22002349, 'body': 'So glad to hear this! Thank you very much for sharing your review. ', 'modified': '2021-04-01T22:17:02Z'}",Grateful,Melisula,2021-03-31 19:22:51,False,rootd-panic-attack-relief,1289018369
5,I have just started using it and it really helps me calm down and relax during my panic attacks,"{'id': 20914187, 'body': 'So glad to hear youâ€™ve had a positive start with Rootd! Thank you for your review <3', 'modified': '2021-02-08T03:51:19Z'}",Very Helpful for Panic Attacks,nvyas1,2021-02-06 19:13:56,False,rootd-panic-attack-relief,1289018369
5,This is a wonderful app with great exercises to ease panic and anxiety.  I have done several of the exercises and they are helpful.,"{'id': 20302647, 'body': 'Thank you for your review and feedback!', 'modified': '2021-01-11T05:06:12Z'}",Helpful app,i dont gnome,2021-01-09 20:34:35,False,rootd-panic-attack-relief,1289018369
5,It has helped a lot with managing my anxiety and panic attacks would recommend,"{'id': 22130153, 'body': 'Thank you so much for sharing your review and your support!', 'modified': '2021-04-08T15:49:12Z'}",I love this app,TR33@,2021-04-05 21:45:48,False,rootd-panic-attack-relief,1289018369
5,I suffer from anxiety as well as panic disorder. This is the only app I have found that helps.,"{'id': 23527778, 'body': 'Wow we feel so fortunate to be able to help. Thank you for sharing!', 'modified': '2021-06-22T15:30:59Z'}",Awesome!,KMc716,2021-06-20 04:44:16,False,rootd-panic-attack-relief,1289018369
5,Extremely helpful and made me feel more understood,"{'id': 21295008, 'body': 'Thank you so much for your review and support!', 'modified': '2021-02-25T16:25:22Z'}",Love it!,Meeeee fangirleeeeee,2021-02-24 03:59:55,False,rootd-panic-attack-relief,1289018369
4,Tried lots of apps  This one is one of the better ones   Try it,"{'id': 21525793, 'body': ""We're so happy to hear this! Thanks for the review :) Would you mind letting us know how we could provide a 5 star experience for you? Reviews mean a lot and help other users find Rootd so we would love to hear from you. Please email team@rootd.io. Hugs!\n"", 'modified': '2021-03-09T01:34:35Z'}",Super Helpful!,brodiemom1,2021-03-06 13:53:32,False,rootd-panic-attack-relief,1289018369
5,Downloaded in the midst of an attack & it helped right away,"{'id': 20812403, 'body': 'This is exactly why we made Rootd! Thank you for sharing. If you ever have questions please let us know at team@rootd.io', 'modified': '2021-02-02T16:00:48Z'}",Love this app,Jess_Hill,2021-01-31 15:26:23,False,rootd-panic-attack-relief,1289018369
5,"had a bad panic attack during school one day and was able to calm myself down effectively with the rootr button!! really like the app, itâ€™s discreet enough that i donâ€™t feel weird using it in school and itâ€™s helped me tons","{'id': 23665629, 'body': 'Thank you so much for sharing! Sending you the best vibes <3', 'modified': '2021-06-30T03:55:11Z'}",great app,skskjaakalmdaka,2021-06-27 08:08:37,False,rootd-panic-attack-relief,1289018369
5,Great app helps me when Iâ€™m feeling discomfort just wonderful!!,"{'id': 20225565, 'body': 'Thank you so much for using Rootd - very happy it helps!', 'modified': '2021-01-06T21:36:56Z'}",A++,eddyy59,2021-01-05 01:30:09,False,rootd-panic-attack-relief,1289018369
4,/\,"{'id': 23569470, 'body': 'Hello - could you please email us at team@rootd.io? Weâ€™d love to hear your feedback and learn how we can make it a 5 star experience for you. As a small team these reviews really have a big impact. Thanks!', 'modified': '2021-06-24T15:46:19Z'}",one of many tools I use to get by every week,AshleySJ,2021-06-23 03:39:21,False,rootd-panic-attack-relief,1289018369
4,"Helped calm me down in the middle of a panic attack, the facts really help bring you out of it!","{'id': 21196174, 'body': 'So glad it helped! What can we do to make it a 5 star experience? Please let us know - team@rootd.io ðŸ™', 'modified': '2021-02-21T23:16:57Z'}",Works!,chasf0110,2021-02-19 17:53:50,False,rootd-panic-attack-relief,1289018369
5,This is the best app! If you have anxiety or get panic attacks this app is a must haveðŸ‘,"{'id': 21195992, 'body': 'Thank you so much! Weâ€™re a small team and encouraging reviews like this mean so much <3', 'modified': '2021-02-21T22:46:55Z'}",Best app,AlifoodGFA,2021-02-18 03:25:44,False,rootd-panic-attack-relief,1289018369
4,Helpful app that does quite a bit,"{'id': 22053595, 'body': 'Thank you for sharing. Please email us at team @rootd.io. Weâ€™d love to hear how we can help make it the 5 star experience so many others have found. ', 'modified': '2021-04-05T15:40:15Z'}",Great app,fun but gets old,2021-04-04 02:05:46,False,rootd-panic-attack-relief,1289018369
5,Best app I have ever came across,,Amazing,pumpkinabby,2021-01-27 21:09:02,False,rootd-panic-attack-relief,1289018369
5,It seems to be very good so far,"{'id': 20302637, 'body': 'So glad to hear this, thank you!', 'modified': '2021-01-11T05:05:53Z'}",Rootd app,cory5555,2021-01-09 16:51:37,False,rootd-panic-attack-relief,1289018369
4,"An effective and informative meditation app, especially useful for panic.",,Psychotherapist,KCML95,2021-06-30 12:12:17,False,rootd-panic-attack-relief,1289018369
5,very helpful when you need instant help or relief.,"{'id': 22381536, 'body': 'So good to hear youâ€™re finding Rootd helpful, thank you for sharing your review <3', 'modified': '2021-04-21T19:34:20Z'}",helpful,49482737193,2021-04-19 12:37:29,False,rootd-panic-attack-relief,1289018369
5,Éª á´›Ê€Éªá´‡á´… á´›ÊœÉªs á´€á´˜á´˜ á´€É´á´… Éªá´› á´€á´„á´›á´œá´€ÊŸÊŸÊ Êœá´‡ÊŸá´˜s á´á´‡ Ê™á´‡á´„á´€á´œsá´‡ ÉªÒ“ Éª á´›ÊœÉªÉ´á´‹ á´€Ê™á´á´œá´› sá´á´á´‡á´›ÊœÉªÉ´É¢ á´›á´ á´á´œá´„Êœ Éª sá´›á´€Ê€á´› É¢á´‡á´›á´›ÉªÉ´É¢ ð™°ð™½ðš‡ð™¸ðšƒðšˆ(sá´Ê€Ê€Ê Éª á´…á´É´á´› á´‹É´á´á´¡ Êœá´á´¡ á´›á´ sá´˜á´‡ÊŸÊŸ!) á´€É´á´… á´›Êœá´‡É´ Éª sá´›á´€Ê€á´› á´„Ê€ÊÉªÉ´É¢ Ê™á´œá´› á´‡á´ á´‡Ê€ sÉªÉ´á´„á´‡ Éª É¢á´á´› á´›ÊœÉªs Éª Ò“á´‡á´‡ÊŸ á´á´Ê€á´‡ Ê€á´‡ÊŸá´€xá´‡á´…. Éª ÊŸÉªá´‹á´‡ á´›ÊœÉªs á´€á´˜á´˜ á´€ ÊŸá´á´› sá´ á´œ sÊœá´á´œÊŸá´… á´€ÊŸsá´ á´›Ê€Ê Éªá´›!,"{'id': 20462682, 'body': 'Thank you for your review and recommendation!', 'modified': '2021-01-18T05:17:55Z'}",Very nice app Nice quality,Xx.butter.flys.xX ðŸ¦‹â™ï¸ðŸ”¥ðŸ˜ŠðŸ›¼,2021-01-16 05:31:43,False,rootd-panic-attack-relief,1289018369
4,"I can only speak on my experiences, so I love this app! The content of this app, it has helped me through a very stressful and anxious week. For some reason this week alone Iâ€™ve had daily panic attacks, but this app has helped tremendously with relief. I love the factual information they send you with the panic button. I canâ€™t recall what I already know when Iâ€™m in a panic state; I lose all sense of reasoning and fact finding, so reading the information in this app helps a lot with returning to a coherent calm state, and reminding me of what I already know about panic attacks. 

My favorite part is Rootdâ€™s push to help you overcome and understand your anxiety issues from a root cause level, rather than just a quick fix. When on the purchased version they provide tools to help you investigate and resolve your root issues. This helped me identify several causes of my panic attacks from this week, and I see some long term patterns that have been toxic in my life. I am starting to build confidence and feel in control again! 

So now the reason for 4 stars instead of 5:

I ran into a snag with the purchase. I bought this on my laptop, and the directions said to open up the app on my mobile and restore purchase. It didnâ€™t work. I tried multiple times across multiple days. After three days of no success I contacted support through the website contact form. No response, ever. I finally found the email to contact the company directly through my emailed receipt. Once I got in touch, they validated my purchase and unlocked the premium content on my account. Phew! 
BTW, they are very friendly and helpful, they just need to fix their website. Thanks Rootd!!!","{'id': 21079378, 'body': ""Hi there Yermel,\n\nWe're so happy you found Rootd! Please do email us at team@rootd.io so that we can figure out what happened with that contact form email. We have not been able to find it but other emails from the form are going through. It means a lot to us as we are working very hard to provide a 5 star experience for our users. "", 'modified': '2021-02-16T05:36:26Z'}","Excellent resources, but had purchase issues on website that DID get resolved :)",Yermel,2021-02-13 00:51:30,False,rootd-panic-attack-relief,1289018369
4,Very helpful for mental health/ anxiety!,"{'id': 23334168, 'body': 'Hi there, thanks very much for reviewing Rootd! Is there anything we can do to earn a 5 star review? Please email us at support@rootd.io to let us know. \n\nHugs!', 'modified': '2021-06-11T17:40:58Z'}",Helpful for stress,**(7);,2021-06-09 20:18:24,False,rootd-panic-attack-relief,1289018369
4,it helps me a lot !,"{'id': 21525739, 'body': ""We're SO happy to hear that Rootd helps you a lot! Would you mind letting us know how we could provide a 5 star experience for you? Reviews mean a lot and help other users find Rootd so we would love to hear from you. Please email team@rootd.io. Hugs!"", 'modified': '2021-03-09T01:32:52Z'}",great,Native 22,2021-03-06 17:43:32,False,rootd-panic-attack-relief,1289018369
5,"Finally, an app with a very intuitive approach to keep panic attacks at bay.  It  has been medically proven through MRIs coupled withlearning mindfulness has actually reduced the size of the amygdala, an app with a very intuitive approach to keep panic attacks at bay.  It  has been medically proven through MRIs coupled withlearning mindfulness has actually reduced the size of the amygdala Finally, an app with a very intuitive approach to keep panic attacks at bay.  It  has been medically proven through MRIs coupled withlearning mindfulness has actually reduced the size of the","{'id': 22269861, 'body': 'Thank you so much for your review!', 'modified': '2021-04-15T21:58:55Z'}",The team behind understand panic attacks!,Antonio_Paola,2021-04-14 07:27:39,False,rootd-panic-attack-relief,1289018369
1,Causes more anxiety. Useless.,"{'id': 20767913, 'body': ""Hi there, \nCould you please email us at team@rootd.io so we can better understand where this comment is coming from? It's a stark contrast to other 5 star feedback we get everyday, so we'd really like to get to the bottom of this with you - your opinion matters to us! Looking forward to hearing from you! "", 'modified': '2021-02-01T04:12:32Z'}",No,c.dancewalker,2021-01-29 17:55:11,False,rootd-panic-attack-relief,1289018369
