userName,review,developerResponse,rating,date,title,isEdited,app_name,app_id
Bwinchester92,"I downloaded this app three days ago in the midst of a panic attack. I used the rootr button and went through the prompts a few times until I felt a bit calmer. There is not much that can help me when Iâ€™m in the middle of a panic attack as badly as that one, so the fact that it brought me even a little but ofpeace helped. It was especially helpful to be reminded that I have survived every other panic attack, something that is easy to overlook in the midst of one! I also love the journal feature, it makes it easy to keep track of my panic attacks and also look at the good aspects of my day as well. Unfortunately, due to financial reasons, I donâ€™t have the means of upgrading to the premium version but I would definitely look into that if my situation was different. The developers definitely deserve it. The only suggestion I have is to add a few more helpful reminders while using the rootr button. I went through it three times before I felt calm and the sayings started to lose the effect after the first time. Other than that, great app!","{'id': 16059696, 'body': ""Thank you so much for this lovely review! We're happy you found Rootd! If you are having any difficulty upgraded to the premium version you can email team@rootd.io and we'd be happy to do what we can to help. We're also happy to think of adding more prompts to the Rootr. \n\nThanks again and all the best as you keep uncovering your strength and confidence! Hugs!"", 'modified': '2020-06-18T05:16:08Z'}",5,2020-06-14 05:49:52,Helpful relief,False,rootd-panic-attack-relief,1289018369
Lizzy0826,"I downloaded this app right after i had a panic attack and a friend told me about it. so far itâ€™s helped a lot when i have my panic attacks . when my panic attacks start or i feel as if iâ€™m going to have one i hit the rootr button and it gives me two options , help me feel okay and letâ€™s do this which are very helpful because if i just need a little bit of assistance with my panic attack i can hit the letâ€™s do this button then it still gives you help and walks you through a little bit but it is a lot faster then if you hit the â€œhelp me feel okay â€œ button it says a lot of different things that help make you feel okay. and you can even tap the screen to have them read aloud to you. and it keeps going and asks you if you feel the panic had ended and if you hit the no button then it keeps going through things but if you hit the yes button then itâ€™s over with . overall i gave rootd a 5/5 stars because of how helpful it is .","{'id': 23557384, 'body': 'We are so so happy Rootd has been helpful. Thank you for sharing your review <3', 'modified': '2021-06-24T05:42:49Z'}",5,2021-06-23 00:08:15,extremely helpful!,False,rootd-panic-attack-relief,1289018369
Abdjdjskdj,"I have never written a review for any app before, but I had to for this one if it means possibly helping someone. I have tried many anxiety relief apps that I ultimately end up deleting because they simply arenâ€™t effective. They always seem so limited and robotic, and this is a breath of fresh air from that. It makes me feel supported, like Iâ€™m not going through this alone. There are two options for when you need help, which adjusts to your mood, depending if you want to be comforted or if you feel like fighting your anxiety that day. There are features that make this journal seem more honest and real, instead of just going through the motions. Honestly, thank you for this. If you deal with anxiety on a daily basis or get attacks, I urge you to get this app. You might find it more helpful than you expect. Wish you all the best ðŸ¤","{'id': 23027267, 'body': 'Thank you so much for taking the time to write your first app review. We started Rootd following personal struggle with panic attacks and anxiety, weâ€™re a small team, and feedback like yours is so heartwarming and motivating. Sending you our best wishes ðŸ¥°', 'modified': '2021-05-26T15:40:18Z'}",5,2021-05-24 22:14:38,wow :),False,rootd-panic-attack-relief,1289018369
becca_bean,"This app makes me feel like Iâ€™m not as alone as I normally would feel. I am a 14 year old girl who is struggling with depression, body imagine and most of all anxiety and panic attacks. They are very scary and make me feel like Iâ€™m stuck in a dream and canâ€™t get out. I have a ton of medication but I thing seems to work, this app helps a lot! Knowing that Iâ€™m not the only one who feels this way and Iâ€™m not alone, I never thought life could get this hard especially so early on but it can and it did ðŸ˜¢ this app helps me breathe and focus. I have only had it for 2 days and I feel better about panic attacks and anxiety! I still feel alone and scared a LOT but trust me this can and WILL help you so I suggest giving it a try.","{'id': 21997139, 'body': 'Thank you so much for your review. It sounds like you are very brave, and already taking amazing steps in managing + overcoming these harder times. Rootd is here to help, and weâ€™re so thankful youâ€™re finding it useful. ', 'modified': '2021-04-01T15:22:18Z'}",5,2021-03-31 05:15:51,â¤ï¸,False,rootd-panic-attack-relief,1289018369
ana!&@,"I am really grateful for this app! I have started having panic attacks recently and was very confused and worried about my health. I have done a few medical exams, but did not find any serious issues. However, every time i am starting to feel anxious, i keep on thinking that something is wrong with me and wind up having a panic attack feeling like i am suffocating and losing ground. Reading the Rootd explanation of how panic attacks work really helped me calm down and prevented an onset of another attack. Just by having an app on my phone i am already feeling more confident that i can deal with a panic attack (which hopefully wonâ€™t occur at a level it has before simply due to the knowledge of having Rootd support). Thank you, Ana","{'id': 20611128, 'body': ""Hi there Ana!\n\nYes, you are describing what so many with anxiety and panic attacks unfortunately go through. We're so happy that you found Rootd and that you can feel more confident having this knowledge under your belt. Thanks so much for leaving this thoughtful review so that others experiencing what you were can see that there is a solution out there.\nAll the best! "", 'modified': '2021-01-24T19:38:16Z'}",5,2021-01-22 18:42:02,It helps!,False,rootd-panic-attack-relief,1289018369
omg lol brb #,I am afraid to die and no one wants to but when I found this app I instantly used it my panic attacks are hard to calm down I breathe heavily I feel like I have to faint and with this app it help me so much I am not an adult and it is not crazy because kids are afraid of something and my fear is dying but my family and this app told me to feel better and that death is apart of life and I was back on my feet but I still get them so I use this so my panic attacks can go away and I do not have fear anymore I love this app and if you have anxiety you should use this app because this calmed me down and it will do the same to you help you get rid of your anxiety and fears.,"{'id': 20144010, 'body': 'Thank you for your review. Rootd is always available to support during panic attacks, even offline, and we wish you the very best on your journey and in this new year!', 'modified': '2021-01-04T00:29:47Z'}",5,2021-01-01 20:26:22,Love and best app for anxiety,False,rootd-panic-attack-relief,1289018369
Future Mrs. ,"i really like this app. i mean REALLY like this app. i wish we could give half stars because it would be a 4.5 star rating. the only thing that keeps me giving a 5 star rating is that the education or techniques are seemingly limited and donâ€™t renew themselves. 

i tried the premium version on a week trial base. i even found myself wishing for more techniques and education to be available because i had gone through a great deal of it. i couldnâ€™t help but wonder whether i would eventually get bored with this app and forget that it existed or move onto to something else that seemed to better meet my need for a little more variety and choices. 

that aside, i do enjoy this app and find it helpful and the graphics are adorable. great job rootd.","{'id': 21997097, 'body': 'Thank you very much for your review. We just released a new app update today with new guided visualization, a brand new check-in tool, and more. Please check it out!\n\nWeâ€™re constantly working on more updates, and definitely plan to add more lessons - but weâ€™re a very small team working nights and weekends to move as quickly as possible. \n\nEvery review makes a huge difference for whether or not other users find Rootd - so we appreciate yours and would LOVE to makes it to 5 stars. Please email us at team@rootd.io, weâ€™d love to hear more ðŸ™', 'modified': '2021-04-01T15:20:13Z'}",4,2021-03-30 15:18:06,Thank You Rootd,False,rootd-panic-attack-relief,1289018369
xelseok,"Aa I assume whoever is reading this is doing right now, I downloaded Rootd (along with several several other anxiety relief apps) in the midst of a panic attack and I'm really glad I did. I had been going to therapy but it wasn't really helping me understand how to deal with panic attacks when they're actually happening, and I would often just cry it out. Thankfully, this made my attacks much shorter, it's so user friendly and I really appreciate the affirmations it comes with in the SOS feature... while most apps just have a breathing graphic, I feel like I personally need affirmations during attacks and this is perfect for that.","{'id': 22204828, 'body': 'Thank you so much for your feedback. Weâ€™re really glad to hear the panic button SOS feature helped with your panic attacks. Wishing you only the best!', 'modified': '2021-04-13T02:16:46Z'}",5,2021-04-11 06:20:02,hidden gem,False,rootd-panic-attack-relief,1289018369
Megaudc,"Iâ€™ve been dealing with and learning about anxiety my whole life, and Rootd is one of the first apps that truly helps. Unlike the ones in general meditation apps, its â€œpanic buttonâ€ concentrates on the feelings of severe anxiety only some people face. The fact that the watch app speaks aloud instead of requiring headphones is a godsend. I do wish there was volume control, but I donâ€™t think thatâ€™s a fault on the developerâ€™s end. One thing I would say would push this over would be being able to select a number of â€œmotivation notificationsâ€ throughout the day. Iâ€™m saving up for the lifetime version.","{'id': 23267992, 'body': 'Thank you so much for your lovely review. Really like your idea for motivating notifications too! Definitely something we want to add soon - we have a big update to the visualizations and sleep tool coming soon too. Thanks again :)', 'modified': '2021-06-08T15:09:24Z'}",5,2021-06-06 19:29:44,Fantastic Resource,False,rootd-panic-attack-relief,1289018369
Kayburger,"My friend told me about this app a few days ago. This morning, after a particularly rough nightmare, I woke up in a panic attack, grabbed my phone and stumbled to the bathroom to get sick. I remembered the app and hit the red button, reporting that I wasnâ€™t doing well. The reassuring statements on the screen helped so much. I only experienced half the symptoms I normally do, and didnâ€™t need my PRN!! Thank you so much! Your team is incredible for making something like this. I may have repeated my review twice but the one I submitted before doesnâ€™t seem to have gone through so Iâ€™m writing a second one!","{'id': 22622873, 'body': 'You are amazing, Kay! So glad to hear Rootd has proven so helpful and so glad to hear your friend recommended Rootd. We love to hear of friends taking care of friends like this! It would mean a lot to us if you passed Rootd along to further :) Big hugs! ', 'modified': '2021-05-05T00:07:27Z'}",5,2021-05-03 20:20:49,Grounding,False,rootd-panic-attack-relief,1289018369
AllTheNicknamesAreTaken121,"Iâ€™m new to this app, but here are my top points so far

- The breathr toolâ€”the visualized breathing thing helps, especially during anxiety. The free version of the app only allows one-minute increments, but there is no amount limit to how many times you can do the one-minute ones (that I know of yet)

- the Rootr toolâ€”this did help me during a panic attack. Although, if you keep having a panic attack, it gives the option to call your contact person. I didnâ€™t have this set up, but seeing that option come up during a panic attack did give me anxiety because I didnâ€™t want to call someone at night. Granted, like I said, I didnâ€™t have that option set up... but the panicked mind doesnâ€™t think logically.

I think itâ€™s a useful and good app overall. Itâ€™s worth a try, thereâ€™s plenty that you can access even on the free version.

But note to the developers: another review mentioned adding games: this is a good idea because distracting the brain/doing tasks that require thinking helps me personally with panic attacks.","{'id': 19409760, 'body': 'Thank you for your review, feedback, and suggestion. Weâ€™re a very small team and we donâ€™t have investors - and weâ€™re working to continuously add more improvements and features based on user feedback. We have lots of exciting things in the works, we hope youâ€™ll find Rootd a 5 star experience soon :)', 'modified': '2020-11-29T01:11:20Z'}",4,2020-11-25 03:25:03,Good app for anxiety and panic attacks,False,rootd-panic-attack-relief,1289018369
carolinegoldhammer,"Hi, I just downloaded the App today. I have struggled with  anxiety/panic disorder my whole life. I love the idea of this app but Iâ€™m bummed because all of the icons and a lot of writing is cut off- like I canâ€™t scroll all the way down on writing. Also when I click on something to review on the menu bar it takes me there but once I have reviewed I am stuck in that spot- there is no back or forward option. I have to exit the app completely and re open it. Please let me know if these issues can be remedied because I would really love try to use the app and see if it can help me. Especially during the free trial period!! Thank you so much- irregardless I appreciate you creating this and caring about anxiety ðŸ™ðŸ»ðŸ™ðŸ»ðŸ™ðŸ» xoxo- Carly","{'id': 15732427, 'body': 'Hi Carly!\n\nCould you please send us an email to team@rootd.io so that we can get this sorted? These issues can definitely be remedied! \n\nEDIT June 2nd: Hi Carly - we are still waiting on an email from you so that we can fix this issue. Looking forward to connecting! \n', 'modified': '2020-06-02T17:23:39Z'}",3,2020-05-21 18:17:23,Help!,False,rootd-panic-attack-relief,1289018369
RadagastsCousin_Kayla,"I suffer from depression, severe general anxiety disorder, and PTSD, and have been experiencing anxiety and panic attacks somewhat frequently lately. This app is not only is easy on the eyes, clear, and has helpful information, but it helps to focus on mindfulness and other skills to help cope with anxiety longterm. Furthermore, if you experience an anxiety or panic attack, the app has an easy to access Rootr button which supplies on-the-spot help with a clear and calming voice of reassurance that you can and will get through it. I will most certainly continue to utilize this app, and I highly recommend it.",,5,2020-03-28 00:50:24,Excellent tool for anxiety help,False,rootd-panic-attack-relief,1289018369
!<â‚¬++â‚¬,"This app was recommended to me and it's been an amazing tool for me to use during my panic attacks. It checks in on you daily. there's also a section for journaling where you can input a variety of moods and emotions you may be experiencing. I also find the sleepr section useful for my mild insomnia, it definitely helps you relax. There's a section for lessons that help you to understand what is going on with your body. It's informative and keeps track of your progress. I ve been using it for 2 weeks now and it's extremely helpful.","{'id': 22698710, 'body': 'Thank you so much for your review and feedback. So happy to hear youâ€™ve been using and enjoying so many of Rootdâ€™s features <3', 'modified': '2021-05-08T23:04:35Z'}",5,2021-05-06 20:06:54,Excellent Tool,False,rootd-panic-attack-relief,1289018369
Chels Ramowens,"I have been diagnosed with panic disorder and have been struggling with finding different tools to help cope during these panic attacks. Obviously seeking medical help was step one, and getting into therapy was step two. However this app was able to really illustrate what anxiety is, where it comes from, why itâ€™s happening, and how you can control it. The app uses cognitive based therapy techniques which is what you would be doing in therapy so itâ€™s an excellent extension. I highly recommend this app for anyone struggling with panic attacks or anxiety.","{'id': 21196172, 'body': 'Thank you for your review. It sounds like you are taking all the right steps, and demonstrating a lot of dedication and bravery. Weâ€™re sending you our best thoughts and vibes <3', 'modified': '2021-02-21T23:16:20Z'}",5,2021-02-18 20:30:24,Incredibly helpful for understanding Panic Attacks,False,rootd-panic-attack-relief,1289018369
LemiKillMrs,"Iâ€™ve only had this qpp for a few days but so far iâ€™m liking it. I love how the prompts can be read out loud if you need that auditory reassurance. The panic button helps me to focus my anxiety onto something tactile and helps take my mind off of impending anxiety and panic attacks. Itâ€™s also subtle enough because itâ€™s in your phone, no one will know (unless you tell them) that you are having a panic attack. Itâ€™s only been a few days so Iâ€™ll have to see how it goes but so far so good!","{'id': 23443656, 'body': 'Thank you! We definitely wanted Rootd to be a resource you could feel comfortable having open on your phone and time or any place. Thanks for your support!', 'modified': '2021-06-17T15:16:22Z'}",5,2021-06-16 04:27:11,So far so good,False,rootd-panic-attack-relief,1289018369
Ayeooo_Mel,me and a family member uses this app I wanted to find something manageable and simple for both us and i love the features and how you can get around the app. I love the reminders that you can set for yourself especially when you know when your attacks come into a certain mode of the day and that we can share each other accomplishments and goals. I am still working on the app but I hope this apps gets out for anyone that needs it.,"{'id': 20699201, 'body': 'Thank you for your review. Weâ€™re really glad to hear Rootd is helping.', 'modified': '2021-01-28T03:43:51Z'}",5,2021-01-24 21:17:39,anxiety flare ups,False,rootd-panic-attack-relief,1289018369
Temi654,"This app has a lot of options to relieve stress including customization inside of those options! The app targets many different aspects of anxiety and offers reassurance as well as confidence building. Even if your not looking to stop panic attacks, You can still use the journaling, sleep and breathing feature just to make your life a little less stressful. I recommend this app for anyone with a busy mind who wants to calm down 
a bit!","{'id': 22469082, 'body': 'Thank you so much for your review and recommendation! Please do share Rootd with anyone it could help. ', 'modified': '2021-04-26T18:56:37Z'}",5,2021-04-24 17:55:35,A dynamic and effective stress reliever!,False,rootd-panic-attack-relief,1289018369
MelissaMarieBezner,"My daughter (9) and I both deal with some anxiety, and I wish Iâ€™d known about this app a long time ago. Weâ€™ve been doing the breathing exercises and visualization together for the last couple of days, and we both love it! I havenâ€™t hit the panic button yet, but after reading about how it works, Iâ€™m sure it will be an enormous help if I need it. I honestly believe this is an app that literally everyone needs to have!","{'id': 20589836, 'body': 'Thank you for such a kind review! Itâ€™s so heartwarming to hear you and your daughter are sharing the journey through anxiety together. Youâ€™re lucky to have each other and stronger because of it ðŸ¥° Weâ€™d love to know how you did find Rootd - please email us at team@rootd.io ', 'modified': '2021-01-23T02:10:49Z'}",5,2021-01-20 04:59:47,Where has this been all my life?,False,rootd-panic-attack-relief,1289018369
Poe4lyfe7,Iâ€™ve been having terrible anxiety and panic attacks especially when driving. Iâ€™ve been looking everywhere for help on how to stop them or at least make them spread out. I like this app because it breaks down what happens during a panic attack and can walk you through it to calm you down. The panic button is a great touch and can call your emergency contact if youâ€™re freaking out too bad.,"{'id': 20914195, 'body': 'Weâ€™re so thankful Rootd has been helpful. Sending you positive thoughts and wishes!', 'modified': '2021-02-08T03:52:10Z'}",5,2021-02-06 15:19:35,So far so good,False,rootd-panic-attack-relief,1289018369
gnarly2510050,"I often end up downloading apps for anxiety and things like this and end up deleting them within a few days but this app is increasingly helpful, especially when I am experiencing a panic attack. The app also has many features like journaling, it teaches you about anxiety, and it has sections where you can focus on your breathing. I 10/10 recommend getting this.","{'id': 23443637, 'body': 'Thank you so much for your review and recommendation! Happy to hear youâ€™re enjoying the features :)', 'modified': '2021-06-17T15:15:01Z'}",5,2021-06-16 04:10:39,Great app,False,rootd-panic-attack-relief,1289018369
helenmereditht,Iâ€™ve been dealing with spontaneous panic attacks and anxiety for about a week now. Theyâ€™re terrifying and make me feel like nothing will ever get better. Iâ€™ve only just gotten this app; but already I feel a little bit more confident about my attacks and that I can deal with them. Even just reading about general anxiety and the symptoms of anxiety helped me so much already! If you are going through a rough patch of anxiety- GET THIS APP! ðŸ¤—,"{'id': 17566477, 'body': 'Thank you so much for the kind review. This is exactly the help we wanted to provide when creating Rootd ðŸ¤— Please reach out anytime to team@rootd.io and thanks for your support. ', 'modified': '2020-08-28T18:46:23Z'}",5,2020-08-18 17:56:44,Rootd is great!,False,rootd-panic-attack-relief,1289018369
SimpleSoul1,"My mom found Rootd for me, because I deal with panic anxiety. I have noticed that understanding the sensations that you feel when having a panic attack can help your mind calm down. I really enjoy how the app gives you all the information on what anxiety is, and how we can try to overcome our fears. I haven't had the app for too long, but I'm hoping that it can be one of the tools to help me overcome anxiety. ðŸ™‚","{'id': 21009433, 'body': 'Thank you for your review! We really hope you continue find it helpful too :) Please send us your thoughts/feedback after youâ€™ve had more time to try it out - team@rootd.io ', 'modified': '2021-02-12T01:05:46Z'}",5,2021-02-10 19:51:12,So far so good.,False,rootd-panic-attack-relief,1289018369
mLori171,"Iâ€™ve been dealing with A LOT of stress at work recently, but last week was, by far, the worst. I had my first full-blown anxiety/panic attack in months and could not pull myself out of it. I started looking for breathing exercises online and found Rootd. It was a lifesaver. I went through the breathing exercises a couple of times and was finally able to, well...breathe again. Thank you.","{'id': 20225574, 'body': 'So glad to hear this! You can set daily reminders to use the breathing exercise in the app to if it helps too. Thank you for your review!', 'modified': '2021-01-06T21:38:20Z'}",5,2021-01-05 01:28:17,Thank you!,False,rootd-panic-attack-relief,1289018369
Rhonlynn,"I like this ap. I opted for the free trial. Iâ€™m under extreme stress and therefore, countless panic attacks. Literally sometimes I think Iâ€™m loosing my mind, Iâ€™m not. And Iâ€™m okay. You can select breath (much like the Breathe ap in Apple Watch). You can select Rootr who provides you with guidance during panic attacks. I went through the entire Rootr screens and prompts. Hopefully my panic attacks which are anxiety, go away. This is a keeper.","{'id': 23665657, 'body': 'We are sending you are best thoughts and wishes. That you for sharing your review!', 'modified': '2021-06-30T03:56:59Z'}",5,2021-06-25 19:57:48,Itâ€™s a good ap,False,rootd-panic-attack-relief,1289018369
ayyymai,"I love that Rootd explains so much and gives the science behind anxiety. I feel like if I can rationalize whatâ€™s going on in my body it helps me feel better. Everything in their lessons is incredibly reassuring. The different tools they provide you to help with anxiety and emergency panic attacks are phenomenal. I just wish that they had some longer sleeprs, visualizrs, and breathrs","{'id': 23160457, 'body': 'Thank you! Good news - we have a new update coming very soon for the Visualizr and Sleepr we think youâ€™ll really like ðŸ˜', 'modified': '2021-06-02T20:45:02Z'}",5,2021-05-31 21:16:14,Helps rationalize my irrational thoughts,False,rootd-panic-attack-relief,1289018369
gbandco,"I experienced my first panic attack last week and Iâ€™ve been desperate for resources. This app is gentle and reminds me to be brave. Iâ€™m loving all the features, being a newbie to the mental health apps I donâ€™t know what other competitors are doing but in my moments of need this app had everything I needed without asking for a cent. 

Im so grateful to whatever Google algorithm sent me here.","{'id': 19231718, 'body': 'Thank you so much for you lovely review. We created Rootd hoping to support brave people in situations very similar to yours. We hope Rootd can continue to help.', 'modified': '2020-11-20T03:44:55Z'}",5,2020-11-18 15:43:07,A Life Saver For Sure,False,rootd-panic-attack-relief,1289018369
BellasMomma1116,"I downloaded this app awhile ago when it was featured, but I only just signed up when a family member sent me information regarding a 50% off offer for their annual subscription. I have suffered from general anxiety disorder since I was very young, and it has only gotten worse with age and this pandemic. I have only begun to use the app, but I am hopeful that it will become a useful tool in my daily life.","{'id': 18794995, 'body': 'Thank you so much for giving Rootd a try! Let us know if you have any questions - team@rootd.io, weâ€™d love to help ensure you get the most out our app possible. After youâ€™ve had the chance to fully explore Rootd we look forward to hearing your updated review! ', 'modified': '2020-10-30T03:42:58Z'}",4,2020-10-28 18:26:56,Definitely has my attention,False,rootd-panic-attack-relief,1289018369
12345678 stop,I would give this 5 stars however I have two problems 1. For the lessons I understand that you need to have money but what if you made it so you had to watch a ad 2. During the panic attack button it said you donâ€™t experience panic attacks 24/7 but what if you do like me for instance Iâ€™m younger and yet I still have panic attacks almost always,"{'id': 22669427, 'body': 'Hi and thanks so much for your review! Happy to address the points below :) \n1) the understanding lessons in Rootd are completely free and will stay that way. They help you understand whatâ€™s going on during a panic attack and provide the tools you need to manage them. The only paid lesson content is the short and long term lessons, and they are for when youâ€™re ready to use Rootd to manage panic attacks and anxiety for the long term. Creating and maintaining an app is quite expensive and the proceeds help us make sure the app continues to be great! \n2) when we say panic attacks donâ€™t last 24/7, we mean a single panic attack cannot last 24/7. It ebbs and flows as our body finds its way back to calm. Please ask your physician about the details, as hearing from a medical professional is important. We know panic attacks personally and can sympathize. So sorry you had that experience :(  \nPlease send us an email at support@rootd.io to discuss further as we love to hear from users. Big hugs! ', 'modified': '2021-05-07T03:56:31Z'}",4,2021-05-05 17:51:41,I love it just two problems,False,rootd-panic-attack-relief,1289018369
DHaleyF,"I am new to this app and loving it! I adore the cute Rootd monster and the low pressure journalling feature. The courses are also delightful!

I would pay for premium if there was an option to see a chart of your moods over time. 

I highly recommend this app to anyone struggling with their anxiety but finds other apps in the App Store useless.","{'id': 20483216, 'body': 'Weâ€™re so happy that you found Rootd (and that you find our blue monster cute). We have many plans to continue updating/improving the app, and mood tracking is a great idea!', 'modified': '2021-01-18T17:59:26Z'}",5,2021-01-14 22:17:54,Adorably Calming and Supportive,False,rootd-panic-attack-relief,1289018369
snb200000000000000,Iâ€™ve never been able to really relax with any meditation type apps. Iâ€™ve been having really bad anxiety and depression issues for about 2 weeks and the doctor recommended Rootd. It helps to ground me and really stop and calm down for a few minutes. Definitely will keep using and highly recommend!,"{'id': 20483233, 'body': 'Thank you for your review, it really helps! Weâ€™re so glad you found Rootd, and that youâ€™re finding it helpful. Please message us anytime at team@rootd.io', 'modified': '2021-01-18T18:00:30Z'}",5,2021-01-14 13:44:38,Love It So Far,False,rootd-panic-attack-relief,1289018369
dnnsjsiksns,I Am 14 and I was having a panic attack and my mother wasnâ€™t even listening or trying to help but just blab about how dirty the house is I just wanted someone to help me get through it so I downloaded this app I like how it talks and helps me get through it when no one else seems to care thank you,"{'id': 23808016, 'body': 'We are so so happy Rootd could help. Thanks for sharing your review - weâ€™ll be sending you good vibes!', 'modified': '2021-07-08T01:03:55Z'}",5,2021-07-04 02:55:59,I feel better thanks,False,rootd-panic-attack-relief,1289018369
cha805,Helped me to learn more about the physical aspect of anxiety which helped me to understand more of my mental state during my anxiety.  I have general anxiety and OCD and I have been having a episode where I feel anxiety all day long and not sure why.  I googled things and anxiety and this app popped up and has been very helpful to keep my mind off of the fear and panic.,"{'id': 19796212, 'body': 'Weâ€™re so glad you found Rootd, and hope it continues to be helpful. Thank you for your review! Please feel welcome to message us anytime at team@rootd.io ', 'modified': '2020-12-16T06:57:11Z'}",5,2020-12-13 23:43:26,Great app,False,rootd-panic-attack-relief,1289018369
TwinPines38,I am a long time sufferer of many mental and physical health issues and because of that I suffer from severe debilitating attacks that can last hours! Having an app to help me do my 5 senses is very helpful and reassuring as well. I also like the fact that it will contact my emergency contact if needed. This is a HUGE WIN for the mental health community!!! Great Job Ron!!,"{'id': 19110776, 'body': 'Thank you so much for the kind review (Ron says thank you too ;)).', 'modified': '2020-11-15T05:38:41Z'}",5,2020-11-10 19:52:31,Very Satisfied!!,False,rootd-panic-attack-relief,1289018369
cds1028,"I downloaded this on a whim and I was very impressed with the over all experience. The graphics are simple in my opinion, they are not over whelming with bright colors. I like that I can set reminders to do things with in the app at certain times. Itâ€™s been 3 days and I feel calmer in some of my daily routines.","{'id': 20958498, 'body': 'Thank you so much for sharing your review <3', 'modified': '2021-02-09T15:45:47Z'}",5,2021-02-07 18:05:08,Very calming,False,rootd-panic-attack-relief,1289018369
DeeMarieMe,"I had been looking for an App to help me with my anxiety. I have found several meditation apps, but none as comprehensive as this app. Meditation is one of the modalities used, but this app really educates you! It walks with you hand in hand through education and healing. I recommend this app to everyone! Especially in these unprecedented times!","{'id': 20272462, 'body': 'Thank you for your review. These unprecedented times are challenging for many in many different ways, and weâ€™re so glad you found Rootd helpful. ', 'modified': '2021-01-08T17:42:32Z'}",5,2021-01-06 20:28:45,Excellent App!,False,rootd-panic-attack-relief,1289018369
OliverBleu,"I have relied on Rootd to help me through difficult times. It has been so beneficial. Through the app and with help of a therapist, I have seen major improvement. You wonâ€™t be disappointed. Even if you canâ€™t get to a therapist, practice the lessons on Rootd. Youâ€™ll learn about your strengths too!","{'id': 23665645, 'body': 'Thank you for such kind feedback! Weâ€™re so happy Rootd has been helpful.', 'modified': '2021-06-30T03:56:00Z'}",5,2021-06-25 09:53:44,Since the pandemic began,False,rootd-panic-attack-relief,1289018369
Momuvboyz,"I suffer from anxiety and panic attacks and Iâ€™m always looking for new strategies for relief. This was recommended by a friend and it not only help alleviate my physical symptoms, it did so in a way that was helpful. Rootd did not just try to distract me (that can only wait to for a moment or two). Rootd used science and reminded me that my physical symptoms will diminish. And they did!","{'id': 21663240, 'body': 'Thank you so much for your review. Weâ€™re really glad your friend recommended you try Rootd. Please do share it with anyone else you think it could help!', 'modified': '2021-03-15T15:50:30Z'}",5,2021-03-11 18:00:37,Quick relief!,False,rootd-panic-attack-relief,1289018369
JRCheez,"Itâ€™s been two days and I already feel this app is a game changer. The way it helps you through panic attacks is incredible. It doesnâ€™t coddle you, but it still calms you. The trick to it is....you have to want to do it. Be open, let the app do its thing, and youâ€™ll be amazed at how well it works!","{'id': 20535770, 'body': ""Hi there! You'e very right about this! While there are parts of Rootd that work for anyone - high anxiety or not - such as the Breathr and Visualizr tool, you're really right about needing to want the change to get the best effects, and to trust Rootd to work well :) Thanks for the thoughtful comment and review. We're happy you found Rootd and that it is there for you. "", 'modified': '2021-01-20T18:45:26Z'}",5,2021-01-17 19:18:49,Very Good in Helping To Calm,False,rootd-panic-attack-relief,1289018369
#thisisme:),"Iâ€™m suffered from panic attacks for so long. Medication helped but now they are starting to come back. This app really makes me feel like someone out there understands how it feels to have such painful anxiety. Great app and it has really helped me to feel calmer. Itâ€™s not an attack, just a sensation.","{'id': 20699277, 'body': 'We made Rootd out of personal experience with anxiety, so the cause is very close to heart. Thank you so much for your review.', 'modified': '2021-01-28T03:47:26Z'}",5,2021-01-26 03:04:07,"Itâ€™s not an attack, just a sensation.",False,rootd-panic-attack-relief,1289018369
Miklayla girl,This app is so amazing the little mascot makes me feel safe and heâ€™s so cute. I also love the way this app sets it apart from others by telling you with words that you will be fine and having breathing tools others only have breathing tools. This app is over all great I love it so much itâ€™s by far my fav.,"{'id': 15450604, 'body': ""Thank you for the lovely review, Miklayla! \n\nWe're so glad Rootd is there for you. Let us know if you ever have any questions by emailing us at team@rootd.io! \n\nAll the best on your journey! "", 'modified': '2020-05-20T16:43:00Z'}",5,2020-05-05 05:21:29,Awesome,False,rootd-panic-attack-relief,1289018369
Timilehin ariyo,"I enjoy the multiple options available for de-stressing. The lessons are calming to read, the journal helps you keep track, the ambient noises help you relax and the breathing and visualizer act as pacers! Would recommend to anyone who likes to try out different options!","{'id': 22469101, 'body': 'Thank you for your review! Rootd is designed to help along the entire journey of managing and overcoming panic attacks and anxiety. Weâ€™re so glad you like the variety of tools and content. ', 'modified': '2021-04-26T18:58:06Z'}",5,2021-04-24 20:05:43,One stop for relaxation,False,rootd-panic-attack-relief,1289018369
MAH1012,"This app has helped me over the last few months but in these times of uncertainty, lockdowns and COVID-19 I need it now more than ever!  It is very calming, reminds me to breath and is always available!  Thank you for making such a wonderful tool for those of us managing anxiety in our daily lives.",,5,2020-03-20 11:46:19,Relief!,False,rootd-panic-attack-relief,1289018369
CassandraGrant,"I often feel myself start to panic, I know Iâ€™m snowballing in anxious thoughts and can rarely pull myself out before having a panic attack. Not only does this help me prevent them.. but it pulls me out in half the time at least. Highly recommend. Noting to lose and your sanity to gain.","{'id': 13970682, 'body': ""Thank you so much for the review, Cassandra! We're so happy Rootd is there for you. All the best to you!"", 'modified': '2020-03-10T18:51:23Z'}",5,2020-02-21 00:50:30,Works for me,False,rootd-panic-attack-relief,1289018369
lopez97323,I would suggest this app for anyone who suffers from Daily panic attacks and anxiety as it helped me when I was having a full out attack while driving and being 1 hours away from Home. It truly felt like I had a counselor alongside me pushing me to feel better.,"{'id': 20142024, 'body': 'Thank you for your review, hearing this feedback is great motivation for us to continue working hard on Rootd. Youâ€™re amazing!', 'modified': '2021-01-03T19:20:12Z'}",5,2021-01-02 03:22:57,Great app,False,rootd-panic-attack-relief,1289018369
sexy muda fuka,"I suffer from panic disorder and I found this app to be very comforting. Everything about it is direct so that when you are panicking itâ€™s easier to get what you need. It has helped me with so many panics and I am so grateful for this, i definitely recommend it.","{'id': 19873135, 'body': 'So thankful Rootd has been helpful. Thank you for your review!', 'modified': '2020-12-20T01:00:08Z'}",5,2020-12-18 04:19:27,Really helpful,False,rootd-panic-attack-relief,1289018369
AmyCRNA,I downloaded this in the middle of a panic attack and after using 3 rounds of the prompts using the button I felt so much calmer. Iâ€™ve been using the journal and visualizer and it really improved my mental health. Thank you to all the amazing people who came up with the prompts,"{'id': 23005359, 'body': 'You are so so welcome! Thank YOU so much for your support ðŸ¥°', 'modified': '2021-05-25T15:41:32Z'}",5,2021-05-24 03:41:42,ðŸ’•,False,rootd-panic-attack-relief,1289018369
kaekae3131,"I really needed an app like this. Sometimes it feels like youâ€™re alone when you suddenly feel anxiety coming on. With this app, I wont feel so alone and I will be able to learn how to control it from coming and staying.",,5,2020-01-31 21:59:32,I needed an app like this,False,rootd-panic-attack-relief,1289018369
Whatupwitdat??,"Very helpful, and educational. If you are practicing good mental hygiene this will be very useful. Pressing the button when you are having a panic attack makes you more in control, I really like that feature.","{'id': 20812481, 'body': 'The big red panic attack relief button was the first idea behind creating Rootd to support panic attacks and anxiety. Thank you so much for your review!', 'modified': '2021-02-02T16:05:19Z'}",5,2021-01-29 21:40:59,Push the Bug Red Button,False,rootd-panic-attack-relief,1289018369
ChelsAutry,This app really helps me when Iâ€™m feeling anxious! And itâ€™s so convenient to have everything right there on your phone for easy access. I especially love it for when Iâ€™m feeling a panic attack coming on at work. It really works!,"{'id': 21481747, 'body': 'Weâ€™re so happy you like it, thank you for your review!', 'modified': '2021-03-06T03:39:13Z'}",5,2021-03-03 19:15:33,Awesome!,False,rootd-panic-attack-relief,1289018369
e12819,This app has been so helpful for me! It is great at explaining the way anxiety etc. affects you mentally and offers helpful strategies for coping with stressors. The button for panic attacks has helped me multiple times and offers affirmations that are really helpful in moments of distress.,"{'id': 21402922, 'body': 'So thankful to hear Rootd had been helpful. Thank you, and please let us know if you ever have questions or more feedback - team @rootd.io', 'modified': '2021-03-02T16:37:11Z'}",5,2021-03-01 04:20:55,5 stars!,False,rootd-panic-attack-relief,1289018369
It'sAMooPoint,I searched in the search bar for an app to help with anxiety relief. I saw a few and ended up downloading this app. The thing I liked the most was the Rootr button. It truly helped in calming my mind and bringing me back to the present moment.,"{'id': 23803834, 'body': 'So happy you found us! Big thanks to Apple for structuring the App Store search in a way that you can find apps that are relevant to you, too :) Please let us know if there is anything we can help you with along your journey with Rootd. All the best! ', 'modified': '2021-07-07T17:35:11Z'}",5,2021-07-04 02:50:31,So far so good.,False,rootd-panic-attack-relief,1289018369
Ko07tt,I highly recommend this app I have been suffering in silence with my pain attacks and felt crazy by my doctors always found no reason for my feeling racing mind and trouble at night sleeping so happy I found this app it helps,"{'id': 21196175, 'body': 'Weâ€™re so thankful to hear it has helped. Thank you for sharing!', 'modified': '2021-02-21T23:17:29Z'}",5,2021-02-19 23:32:26,Helpful,False,rootd-panic-attack-relief,1289018369
Q 1/16/2014,I have only had this app for a week but there is some really useful information. I think that the UI is very easy and understandable. Iâ€™m looking forward to seeing how this can help.,,5,2021-01-27 21:24:44,Recently Downloaded,False,rootd-panic-attack-relief,1289018369
facts105,"This app has been such a great help for my son! It has helped him understand what a panic attack is, what causes it, and helps him feel like heâ€™s not alone. It also gives him tools to manage it. So grateful we found this app!","{'id': 19110764, 'body': 'Weâ€™re so happy you found Rootd and that it is helping too. Thank you for the kind review. ', 'modified': '2020-11-15T05:37:11Z'}",5,2020-11-11 16:03:18,Really Helped My Son,False,rootd-panic-attack-relief,1289018369
henrntmzkjrbamkckc smkd,"If you are ever having any problems mentally, download this app! Especially during this pandemic when we couldnâ€™t have been more far apart, this app is what you need to achieve mental well-being!
James",,5,2021-01-29 11:28:37,This app is a lifesaver!,False,rootd-panic-attack-relief,1289018369
Dr. Vandelay,"Iâ€™ve tested a few of these apps. If youâ€™re in the grips of terror and feel like your chest is caving in, then this wonâ€™t help once panic grips you, but if the guy in front of you cuts you off on the freeway, fire it up on Bluetooth and it may lower your heart rate a couple bpm.","{'id': 22002348, 'body': 'Hi :) Weâ€™re fortunate to have many user reviews that speak of Rootd actually being most helpful in the middle of a panic attack. Have you tried the panic button feature? Please email us at team@rootd.io', 'modified': '2021-04-01T22:16:38Z'}",4,2021-03-31 14:08:31,Better than others...,False,rootd-panic-attack-relief,1289018369
His_babygirl4ever,Iâ€™ve only had the app for about 3 days now but I canâ€™t tell you how many times Iâ€™ve already used it! It works well and the best part is it teaches me better self regulation techniques,"{'id': 22298116, 'body': 'Thank you so much for your review! So happy to hear your first few days with Rootd have been helpful and we hope it continues to help support ðŸ¥°', 'modified': '2021-04-17T16:36:53Z'}",5,2021-04-15 20:49:42,Great tool to manage stress and anxiety!!,False,rootd-panic-attack-relief,1289018369
MGE_13,This app is informative and helpful. What works best for me when having an attack is to understand whatâ€™s happening with my body and mind and practice breathing techniques. This is exactly what the app helps with. Would recommend,"{'id': 20225581, 'body': 'Thank you so much for your review and recommendation. As a small team every review really makes a difference. ', 'modified': '2021-01-06T21:39:00Z'}",5,2021-01-04 17:16:46,Very helpful,False,rootd-panic-attack-relief,1289018369
Abby122091,"I struggle with anxiety and have panic attacks. This app has definitely helped me calm down when I didnâ€™t want to do anything drastic like text my therapist- LOL! Itâ€™s a great way to challenge the anxious thoughts and push into the panic attack, thereby taking control of the situation.","{'id': 20132589, 'body': 'This was our aim when we created Rootd, weâ€™re so glad youâ€™re finding it helpful. Thank you for your review!', 'modified': '2021-01-02T20:06:44Z'}",5,2021-01-01 03:34:30,Anxiety,False,rootd-panic-attack-relief,1289018369
cityahoo,"I downloaded the app with doubt in the beginning, cause Iâ€™ve tried quite a few anxiety services. Then I found this one is for real! it really helps and Iâ€™ll surely continue to use Rootd on a daily basis:)","{'id': 22157964, 'body': 'Weâ€™re so glad to hear this! Daily practice is a great idea, thank you for your review!', 'modified': '2021-04-10T03:25:42Z'}",5,2021-04-08 17:01:10,Glad I found Rootd!,False,rootd-panic-attack-relief,1289018369
myfragileheart,"Iâ€™m so glad I found this app! An app that teaches CBT?? That keeps trauma based coping skills at the tip of my fingers?? A place to go during a meltdown or panic attack?? Amazing!! Incredible!! I honestly canâ€™t believe this exists... but, Iâ€™m incredibly grateful that it does. Thank you, Rootd!!!","{'id': 22705918, 'body': 'We are so grateful for your support! Thank you â˜ºï¸ ', 'modified': '2021-05-09T20:08:36Z'}",5,2021-05-07 21:11:28,Excellent,False,rootd-panic-attack-relief,1289018369
dmm0921,I just downloaded this a few days ago and can already see a difference. If you deal with panic attacks and anxiety I would absolutely recommend giving it a try!,"{'id': 19255768, 'body': 'Thank you! Both for giving Rootd a try and for your kind review. Please feel welcome to message us anytime at team@rootd.io ', 'modified': '2020-11-21T07:32:18Z'}",5,2020-11-20 00:58:02,Helpful with anxiety attacks,False,rootd-panic-attack-relief,1289018369
ratrat420,I downloaded the app during a panic attack and it made me be able to calm down. It has helped me slow my thoughts during panic attacks many times! 10/10 recommend!!,"{'id': 22698713, 'body': 'Weâ€™re so thankful Rootd could help, thank you for sharing!', 'modified': '2021-05-08T23:05:03Z'}",5,2021-05-06 22:04:42,Loved it!,False,rootd-panic-attack-relief,1289018369
blueblack_jack,"As a person who just started experiencing anxiety attacks, Iâ€™m grateful that there are apps like this to help. The information was general but good. I wish the Rootr (panic button) could be expanded and extended more because it just loops and repeats affirmations which could get old fast.","{'id': 20699252, 'body': 'Thank you for your feedback. We are constantly working on new updates to Rootd and adding new features - weâ€™ll do our best to make it a 5 star experience for you soon!', 'modified': '2021-01-28T03:46:16Z'}",4,2021-01-25 22:19:44,Has Helped So Far,False,rootd-panic-attack-relief,1289018369
JReno76,I started using this tool to help me get through cravings during my quitting smoking journey. It quickly became so much more. Iâ€™ve noticed my anxiety and panic moments have almost diminished. Itâ€™s been a breath of fresh air (pun intended)!,"{'id': 20462674, 'body': 'Thank you for sharing your awesome progress!', 'modified': '2021-01-18T05:17:36Z'}",5,2021-01-16 14:44:15,Nice tool to remind you to breathe!,False,rootd-panic-attack-relief,1289018369
Annmariiee00,This app really helped me when I was in my worst mentally it helped me realize how much just breathing and meditating really helps your day improve and feel good and how it helps you progress love this app rootd is my best friendðŸ’•ðŸ’•,"{'id': 22734374, 'body': 'We are so thankful Rootd could help. Sending you the best vibes, thank you for your review!', 'modified': '2021-05-11T05:04:57Z'}",5,2021-05-09 19:42:28,Best app ever,False,rootd-panic-attack-relief,1289018369
heatherrmarieeee,"I have general anxiety, social anxiety and a panic disorder. I recently started using this app for help calm my panic / anxiety and so far it is helping. I recommend downloading if you are looking to put in the work to calm your anxiety / panic.","{'id': 22130172, 'body': 'Thank you so much for your review and recommendation! Weâ€™re really happy Rootd has been helping. ', 'modified': '2021-04-08T15:49:56Z'}",5,2021-04-04 16:31:26,An app worth downloading !,False,rootd-panic-attack-relief,1289018369
Movies989,"Iâ€™m curious to see how this app will help during a regular panic attack. I havenâ€™t had one, yet; to practice on the on the app. But I did a preview of the panic button. And itâ€™s a unique concept that I actually canâ€™t wait to try.","{'id': 21544640, 'body': ""So great to hear that you see Rootd and the panic button is unique and that you can't wait to give the rest a try. Big hugs!"", 'modified': '2021-03-09T15:37:57Z'}",5,2021-03-08 00:13:36,Panic attacks,False,rootd-panic-attack-relief,1289018369
Ashdc44,The app is so easy to use right off the bat and has so many options to help with immediate stress relieve as well as learning ways to prevent episodes. Highly suggest downloading!,"{'id': 19053174, 'body': ""We're so happy you found Rootd, and that you are finding the user experience design so positive! Design is so important to us. Thank you so much for your review. Sending you big hugs! "", 'modified': '2020-11-12T01:51:22Z'}",5,2020-11-10 17:21:58,Super user friendly,False,rootd-panic-attack-relief,1289018369
Gary Sirek,Very helpful app in my fight with anxiety. Friendly interface and incredible design to help you quickly get access to helpful information and self-care tools. Very valuable to me.,"{'id': 15930543, 'body': ""Thanks so much for taking the time to leave a review on your experience, Gary! We're glad you found Rootd and that it is there for you :)"", 'modified': '2020-06-11T18:41:25Z'}",5,2020-06-09 12:34:53,Love this app,False,rootd-panic-attack-relief,1289018369
ChelsDannielle,"I love the exercises, the breathing and visualizing helped calm me down. The lessons about anxiety and panic help me to rationalize with myself about whatâ€™s going on in my head and body. It helps me feel less alone!","{'id': 23665600, 'body': 'Weâ€™re so glad youâ€™re finding Rootd helpful. Thank you for your review :)', 'modified': '2021-06-30T03:53:21Z'}",5,2021-06-27 22:30:24,Love the exercises and lessons!,False,rootd-panic-attack-relief,1289018369
Girty83,It is a really great app whenever I get a panic attack from things I see or have anxiety. I usually get really angry some days and Rootd helps me calm down a lot it has facts and breathing exercises that really do help and itâ€™s totally free .,"{'id': 19917857, 'body': 'Thank you so much! We love working on Rootd, and hope you continue enjoying it. ', 'modified': '2020-12-22T03:58:44Z'}",5,2020-12-18 20:43:20,I love Rootd,False,rootd-panic-attack-relief,1289018369
Cacreese,"Iâ€™ve had the app for a little under a week, and i love it. Itâ€™s important to know why you experience certain emotions, which can help find the root of them.","{'id': 19249600, 'body': 'Weâ€™re so glad the first week is going well, thank you for your review. Please feel welcome to message us anytime: team@rootd.io ', 'modified': '2020-11-20T16:47:54Z'}",5,2020-11-19 02:56:56,So far so good,False,rootd-panic-attack-relief,1289018369
Deayhstar2009,It a 5star app because it really helps when Iâ€™m about to have a panic attack or I just really need to get something out that I canâ€™t with anyone.,"{'id': 23527761, 'body': 'Thank you for sharing. Weâ€™re really thankful Rootd is able to help. ', 'modified': '2021-06-22T15:30:22Z'}",5,2021-06-19 23:58:02,5 stars,False,rootd-panic-attack-relief,1289018369
popcornceiling,This is an amazing app!! It helps so much and when you start to panic or anything the facts it gives you will solve the attack in minuets. I definitely recommend this app â˜ºï¸,"{'id': 18483328, 'body': 'Thank you for your review and recommendation ðŸ¥° Weâ€™re so glad you found Rootd and wish you the best on your journey!', 'modified': '2020-10-14T17:46:08Z'}",5,2020-09-23 05:02:56,Amazing app,False,rootd-panic-attack-relief,1289018369
"Human, from Earth","Iâ€™ve found myself in a bad way lately. And due to past, repressed traumas, I found Iâ€™m ill prepared to handle the situation(s). A therapist recommended Rootd, and it turned out to literally save my life.

Thank you","{'id': 16414225, 'body': ""We are SO pleased that you've found Rootd helpful. If you ever have questions or further feedback, please let us know at team@rootd.io! Hugs!"", 'modified': '2020-07-06T01:09:01Z'}",5,2020-06-30 00:04:01,Life saver,False,rootd-panic-attack-relief,1289018369
Englitchik,"Iâ€™ve had even more to stress about (as has everyone else) lately, and rootd helps me step back and get out of my head a bit.",,5,2020-03-24 19:08:00,Helping!,False,rootd-panic-attack-relief,1289018369
Ncdsangel05,"Having suffered from panic attacks, it is very helpful to have something to help recenter myself. Would definitely recommend.",,5,2021-01-29 15:49:52,Helpful in the moment,False,rootd-panic-attack-relief,1289018369
ghokkyw,"This has helped me understand my personal anxiety more, as well as understand what is happening to my body and how to overcome it with more confidence. Highly suggest!","{'id': 20540475, 'body': 'Weâ€™re so glad youâ€™re finding Rootd helpful. Your review really helps other users find Rootd, and helps fuel our motivation to continue improving the app:) Thank you!', 'modified': '2021-01-21T02:06:18Z'}",5,2021-01-18 21:07:07,Amazing for anxiety attacks,False,rootd-panic-attack-relief,1289018369
Jto9996,This is a handy app both for managing anxiety while you are experiencing it and for learning more about anxiety in general so you can better understand and cope with it.,"{'id': 20294547, 'body': 'Thank you for your review! Please feel welcome to reach out anytime at team@rootd.io ', 'modified': '2021-01-10T16:54:28Z'}",5,2021-01-09 04:38:05,Handy app!,False,rootd-panic-attack-relief,1289018369
ARyanHoliday,"I cannot say how amazing the mission of Rootd is. Please treat yourself this anxiety awareness month by working on finding your inner peace with Rootd. Whether you have panic attacks or some persistent acute anxiety, we all can benefit from Rootd.","{'id': 22031471, 'body': 'Thank you for sharing such a kind review, we really appreciate your support. Wish you all the best!', 'modified': '2021-04-04T05:26:09Z'}",5,2021-04-01 16:30:43,Get Rootd,False,rootd-panic-attack-relief,1289018369
gtfffg,Luckily I tried this before I had an actual panic attack because when I clicked the button it asked me if I was OK or not I pressed no over and over again with no result. I like the idea but itâ€™s not compatible with my phone I guess. Any help with this issue is appreciated.,"{'id': 16718725, 'body': 'EDITED: Hi again! We just released a new update that should solve all these issues! Please do give it a try and reach out to us at team@rootd.io if you have any questions or concerns! We absolutely love hearing user feedback. \n\nHi there - app updates can often cause bugs to come up and weâ€™ve just updated the app to include our new journal tool. We can certainly look into the issue you experienced if you send us an email to team@rootd.io. We look forward to helping you so you can access everything in no time!', 'modified': '2020-07-18T20:41:48Z'}",2,2020-06-25 18:51:34,Canâ€™t see all options on my iPhone 7,False,rootd-panic-attack-relief,1289018369
CarynAnne O,I love the tools I have found on this app so far. The educational lessons and the emergency support button have been really helpful.,"{'id': 20288237, 'body': 'So glad to hear this, thank you for your review!', 'modified': '2021-01-10T03:19:07Z'}",5,2021-01-07 14:10:12,New to this but love it so far,False,rootd-panic-attack-relief,1289018369
anxietybear403,"I purchased this app, went to use it and got nothing but a blank screen. Deleted and attempted to reload, and it said my payment method failed. But I have a pending payment on my card. Extremely disappointed. And just want the hold taken off my card. Since i cannot utilize the app, I do not want to pay for it.","{'id': 22879788, 'body': ""UPDATE:\n\nWe are still waiting for your email at support@rootd.io. We can solve this for your immediately once you let us know which account is yours (we don't have the ability to find who you are on our end, for privacy reasons) so please reach out :)\n\nHello. Weâ€™re sorry to hear about this issue and weâ€™d like to help fix it asap. Could you please email us at team@rootd.io?"", 'modified': '2021-05-18T16:13:16Z'}",1,2021-05-15 02:12:58,Couldnâ€™t use,False,rootd-panic-attack-relief,1289018369
AstroGirlBunny,Long time sufferer and immediately this app started helping me. All I can say is Iâ€™m feeling immense relief that someone finally got it right. A million thank youâ€™s!,"{'id': 17634349, 'body': 'Hi there! We\'re SO happy you found Rootd and are able to find a tool that ""gets it right"" :D \n\nWishing you nothing but the best as you use Rootd to manage your anxiety and panic attacks. \n\nIf you ever need anything email team@rootd.io \n\nAll the best, and big hugs! ', 'modified': '2020-09-01T20:45:30Z'}",5,2020-08-30 05:07:08,Unbelievable,False,rootd-panic-attack-relief,1289018369
evaevez,The readings and easy navigation of this app is incredible. My mom and I both use it. I use it in the mornings and it is a true lifesaver.,"{'id': 22705931, 'body': 'We are so happy to hear you and your Mom are finding Rootd helpful. Thank you for sharing your review!', 'modified': '2021-05-09T20:09:30Z'}",5,2021-05-08 01:13:41,Wonderful app,False,rootd-panic-attack-relief,1289018369
Brian Utah,"I just started using Rootd and itâ€™s been very helpful. The interface is great, the lessons and tools, and journal are really neat too. Iâ€™m really glad I found this app.","{'id': 21821083, 'body': 'Weâ€™re really glad you found Rootd too! Thank you for your review :)', 'modified': '2021-03-23T15:31:38Z'}",5,2021-03-22 02:56:35,Very useful,False,rootd-panic-attack-relief,1289018369
Maddiefan1,Like a little friend on your phone to tell you everything will be ok and you have the control,"{'id': 20132590, 'body': 'ðŸ¥°', 'modified': '2021-01-02T20:06:56Z'}",5,2020-12-30 01:47:12,Very Helpful,False,rootd-panic-attack-relief,1289018369
love this game with all heart,"I still have more attacks ,but much less after just three days.Iâ€™m glad I have this appðŸ˜","{'id': 15450619, 'body': ""Wow! That's Huge - Congratulations! \n\n\n\n\nWe're so happy you found Rootd and trust that you'll be able to get even further in your healing journey in no time!\n\nEmail us at team@rootd.io if you ever have any questions :) \n\n"", 'modified': '2020-05-20T16:44:02Z'}",5,2020-05-08 02:58:12,Thank you ðŸ™,False,rootd-panic-attack-relief,1289018369
baiiiii!!â˜ï¸ðŸ§ºðŸŒ¿,My anxiety has always been really bad but downloading Rootd helped with that when I have panic attacks Ron comforts me and helps me get through them.,"{'id': 20078247, 'body': 'Weâ€™re so glad Rootd is able to help. Thank you for your review!', 'modified': '2020-12-30T06:31:49Z'}",5,2020-12-28 05:49:07,Rootd,False,rootd-panic-attack-relief,1289018369
worried vt,After years of panic I finally have a tool that works,"{'id': 20933649, 'body': 'Weâ€™re so thankful Rootd has helped! ', 'modified': '2021-02-08T16:23:14Z'}",5,2021-02-07 10:23:23,This works,False,rootd-panic-attack-relief,1289018369
Mandyandbabymav,Iâ€™ve been having panic attacks on a daily basis that are interfering with my daily activities and I was really excited on trying this app to see if it would help with the panic disorder but when I try to sign up no matter how many times I try to put in my email it keeps saying please enter a valid email,"{'id': 14304405, 'body': ""Hi there Mandy,\n\nThat sounds like a simple bug we'd be more than happy to help you sort out. Please email team@rootd.io so we can get you all set up! Looking forward to your email so that you can experience the benefit that hundreds of thousands of other users are ðŸ’™"", 'modified': '2020-03-28T19:35:38Z'}",1,2020-03-27 23:36:33,Extremely upset,False,rootd-panic-attack-relief,1289018369
BritaCooper,Rootd stands out by having a voice speak comforting messages. I just wish more features were available with the free version.,"{'id': 18483307, 'body': 'Hi! We release new and improved free content every month. The following are all already in the app and completely free: the Rootr panic button, understanding lessons, Breathr deep breathing, 2 min visualization, emergency contact, stats page, and anxiety journal. \n\nWeâ€™re a very small team and every review makes a big difference, please let us how we can help make your review a 5 star. \n\nPlease email us at team@rootd.io ', 'modified': '2020-10-14T17:44:37Z'}",4,2020-10-01 02:02:11,â¤ï¸,False,rootd-panic-attack-relief,1289018369
Just4h,I recently started using this to help with my anxiety and I will say it definitely helps. The breathing and visualization sections are really nice,"{'id': 20933677, 'body': 'Thank you for your review <3', 'modified': '2021-02-08T16:24:24Z'}",5,2021-02-07 01:47:45,Good app to center yourself,False,rootd-panic-attack-relief,1289018369
M.C.Ramirez,"I absolutely love this, my husband knows I use it too so whenever Iâ€™m having an anxiety attack heâ€™ll refer me to the this app!","{'id': 18514068, 'body': ""Thanks for the lovely review. That's such a sweet story and lovely to hear! It's so great to have people that support us on our journey. We're happy you found Rootd :) "", 'modified': '2020-10-16T05:13:36Z'}",5,2020-10-14 12:47:22,Game Changer!,False,rootd-panic-attack-relief,1289018369
trinkcc,"I started because anxiety was resulting in critical high blood pressure.  In 2 days, I was back within normal range.  Iâ€™m so grateful.","{'id': 20812537, 'body': 'Weâ€™re so thankful Rootd is helping, thank you for sharing! Sending you our best wishes for continued progress!', 'modified': '2021-02-02T16:09:18Z'}",5,2021-01-31 04:13:52,Better daily,False,rootd-panic-attack-relief,1289018369
Person18211,Excellent for anxiety and panic attack relief. I have struggled with panic disorder for a several years now and this is a quick easy way to help relieve my panic attacks.,"{'id': 20142020, 'body': 'Thank you for your review, it really helps!', 'modified': '2021-01-03T19:19:23Z'}",5,2021-01-02 00:18:41,Excellent,False,rootd-panic-attack-relief,1289018369
oretalpasor,Just downloaded it and Iâ€™m very confident I can use it to help ease my next anxiety/panic attack . I will update!,"{'id': 20885737, 'body': 'Thank you! We hope you continue enjoying Rootd and finding it helpful.', 'modified': '2021-02-05T16:33:50Z'}",5,2021-02-03 18:09:40,Just downloaded!,False,rootd-panic-attack-relief,1289018369
Mk Crazy,This was very helpful and Iâ€™ve learned to manage my anxiety. Definitely recommending it to my friends that need it,"{'id': 20812386, 'body': 'Thank you for your review! Weâ€™re so thankful you found Rootd and that itâ€™s playing a part in assisting your awesomeness.', 'modified': '2021-02-02T15:59:39Z'}",5,2021-01-31 17:58:02,Helpful,False,rootd-panic-attack-relief,1289018369
itsameemily,"Iâ€™ve been trying to find THE APP that works well with my anxiety and shorter attention and so far, THIS IS IT","{'id': 22157967, 'body': 'Thank you so so much for your review and support!', 'modified': '2021-04-10T03:26:13Z'}",5,2021-04-08 23:58:58,Great resource,False,rootd-panic-attack-relief,1289018369
4oh8lupita,I suffered my first panic attack 4 days ago and the breather tool has really been helping me get ahold of myself.,"{'id': 20907204, 'body': 'Weâ€™re so sorry you experienced that. And weâ€™re thankful Rootd could help. Let us know if you have any questions or feedback anytime - team@rootd.io ', 'modified': '2021-02-07T16:17:08Z'}",5,2021-02-05 20:44:44,Really helpful app,False,rootd-panic-attack-relief,1289018369
catastrophizing,Easy to use and quick to access if having panic symptoms.,,5,2021-01-28 03:45:07,Simple and cute.,False,rootd-panic-attack-relief,1289018369
superpowers02035,It helped me practice mindfulness and realize I am not alone. It was a great resource of information and helpful in times Iâ€™m not feeling well.,"{'id': 20202197, 'body': 'Weâ€™re so happy it helped, thank you for your review!', 'modified': '2021-01-05T22:03:42Z'}",5,2021-01-03 10:48:14,Rootd was a great relief,False,rootd-panic-attack-relief,1289018369
kehhapp,Ok so yes it does the same thing every time but Iâ€™ve gotten to the point that my anxiety has cleared up so much I donâ€™t need it!,"{'id': 16935163, 'body': ""That's amazing! It sounds like you have GRADUATED from something that was ailing you before we are so happy to hear that! Please don't hesitate to ever get in touch with us at team@rootd.io and thank you so much for your review!"", 'modified': '2020-07-28T17:57:35Z'}",5,2020-07-24 19:01:01,GREAT,False,rootd-panic-attack-relief,1289018369
New2Aps,"Easy to use, helpful in those difficult moments","{'id': 21617882, 'body': 'Thank you for your review!', 'modified': '2021-03-12T16:59:35Z'}",5,2021-03-11 05:55:44,Great,False,rootd-panic-attack-relief,1289018369
the one buying,"Love app, but cannot use Pencil with it = I donâ€™t use.

I type enough and frankly, writing by hand isnâ€™t just incredibly beneficial, itâ€™s calming ~~ something this app exists to assist with.

Let me know if Iâ€™m wrong or if you add handwriting capability (and I like my handwriting to stay handwriting!  Bah to text conversion) and Iâ€™ll come screaming back.  ðŸ˜

Fantastic app for those that need it and donâ€™t mind no Pencil use.","{'id': 23462616, 'body': 'Hi. Could you email us at team@rootd.io please? Weâ€™d love to discuss this and see if we can help. ', 'modified': '2021-06-18T15:43:27Z'}",4,2021-06-16 04:35:26,No Pencil?,False,rootd-panic-attack-relief,1289018369
averys3770,So I am afraid is storms but during the storms I use this app and feel much better plus no adsðŸ˜³,"{'id': 22960673, 'body': 'Thank you for your support and kind feedback! ðŸ¤—', 'modified': '2021-05-24T00:55:45Z'}",5,2021-05-21 23:42:14,Wow just wow,False,rootd-panic-attack-relief,1289018369
Melisula,Just started to use this app yesterday and it has already helped me,"{'id': 22002349, 'body': 'So glad to hear this! Thank you very much for sharing your review. ', 'modified': '2021-04-01T22:17:02Z'}",5,2021-03-31 19:22:51,Grateful,False,rootd-panic-attack-relief,1289018369
nvyas1,I have just started using it and it really helps me calm down and relax during my panic attacks,"{'id': 20914187, 'body': 'So glad to hear youâ€™ve had a positive start with Rootd! Thank you for your review <3', 'modified': '2021-02-08T03:51:19Z'}",5,2021-02-06 19:13:56,Very Helpful for Panic Attacks,False,rootd-panic-attack-relief,1289018369
shenearounds,I mean if it was really free you wouldnâ€™t have a â€œfull accessâ€ option,"{'id': 13239701, 'body': 'Hi there! Thanks for your comment. The language used with apps that are ""freemium"" and have those ""full access"" options is ""free to use"". This is because, as you noticed, most of the app is 100% fee and there is something in it for everyone, regardless whether you have to pay or not. If it was 100% paid then it would be easier to run (app development and maintenance is really expensive!) but then it wouldn\'t be as accessible and helpful to everyone, regardless of their financial situation.\n\nWe hope that helps explain the choice of language. Thanks again for your review!', 'modified': '2020-02-02T00:07:52Z'}",5,2020-02-01 00:41:38,Is it really free?,False,rootd-panic-attack-relief,1289018369
Jrmcgaughey,"The first day using Rootd, I already walked away with some education about my anxiety and strategies to combat it.","{'id': 20132593, 'body': 'So glad to hear this, thank you!', 'modified': '2021-01-02T20:07:27Z'}",5,2020-12-30 00:47:03,Help from Day 1,False,rootd-panic-attack-relief,1289018369
Senior poopy pants 12445678910,10/10 Would recommend! I absolutely love this app.,"{'id': 20078286, 'body': 'This is so encouraging and motivating to hear, thank you for your support!', 'modified': '2020-12-30T06:33:49Z'}",5,2020-12-26 14:42:14,Fantastic!,False,rootd-panic-attack-relief,1289018369
i dont gnome,This is a wonderful app with great exercises to ease panic and anxiety.  I have done several of the exercises and they are helpful.,"{'id': 20302647, 'body': 'Thank you for your review and feedback!', 'modified': '2021-01-11T05:06:12Z'}",5,2021-01-09 20:34:35,Helpful app,False,rootd-panic-attack-relief,1289018369
MG-737,Started using to to help with breathing exercises. Which worked great and continued to use it for visualization exercises. Great app. Very successful,"{'id': 19175831, 'body': 'Thank you so much. Itâ€™s very helpful to hear how you use Rootdâ€™s different features. Please feel welcome to message us anytime at team@rootd.io ', 'modified': '2020-11-18T00:27:42Z'}",5,2020-11-16 02:17:27,Excellent app,False,rootd-panic-attack-relief,1289018369
TR33@,It has helped a lot with managing my anxiety and panic attacks would recommend,"{'id': 22130153, 'body': 'Thank you so much for sharing your review and your support!', 'modified': '2021-04-08T15:49:12Z'}",5,2021-04-05 21:45:48,I love this app,False,rootd-panic-attack-relief,1289018369
Weird.One,"I have panic attacks semi consistently so every couple days to up to 7 in one day. One time I really wanted some help with it of them and found this app. (I canâ€™t get medical help at this moment sadly) I conscientiously used this app for the first time during one of my worst attacks lasting more than an hour and just being able to listen to the facts helped. I like how when using it during an actual panic attack it is really easy to just continue with just one button to press. It helped a lot at first but slowly the effect of telling the facts did nothing for me. There are not too many and they get old after a while. I find myself just not believing them at all now. I wish there was a little more that could help someone during a panic attack. I tried to then use it to just keep track of the panic attacks but it seems like it doesnâ€™t count the panic attack if you go through it semi quickly. I think this is to stop people from farming them and being able to brag about getting through however many panic attacks but thatâ€™s not really a thing that someone would do with something like this. There are some features that cost money but something like this doesnâ€™t seem like it should but Iâ€™m ok that they are there because it is a whole lot better than an add popping up when you are suffering.

UPDATE: an update just came out and have seemed to fix the issue of some panic attacks not being recorded.

UPDATE 2: when you finally are able to be confident enough to be able to go to the orange button (donâ€™t know what to call it exactly) almost 200 panic attacks in it feels so good to actually beat it that way. It helps a lot and even though I canâ€™t do it every time it is so helpful and feels so good.","{'id': 14751573, 'body': ""Hi there, thank you for your review!\n\nWe would highly recommend reading through the lessons and celebrating your success when you do get through a panic attack - as that is what will ensure you can trust yourself and trust the statements when they arise :) Have you been using the Breathr and Visualizr tool as well?\nWe do count every single panic attack as we're not worried about people bragging out how many they've gone through - in fact we would encourage that as users should feel proud of their success :) So please do write to us at team@rootd.io so we can figure out why your points aren't being collected. We'd love to help and get everything set up for you.\n\nAll the best, and we're genuinely looking forward to hearing from you! Stay healthy and well <3 "", 'modified': '2020-04-18T17:21:21Z'}",5,2020-07-29 22:21:01,Good the first few times,True,rootd-panic-attack-relief,1289018369
KMc716,I suffer from anxiety as well as panic disorder. This is the only app I have found that helps.,"{'id': 23527778, 'body': 'Wow we feel so fortunate to be able to help. Thank you for sharing!', 'modified': '2021-06-22T15:30:59Z'}",5,2021-06-20 04:44:16,Awesome!,False,rootd-panic-attack-relief,1289018369
Meeeee fangirleeeeee,Extremely helpful and made me feel more understood,"{'id': 21295008, 'body': 'Thank you so much for your review and support!', 'modified': '2021-02-25T16:25:22Z'}",5,2021-02-24 03:59:55,Love it!,False,rootd-panic-attack-relief,1289018369
brodiemom1,Tried lots of apps  This one is one of the better ones   Try it,"{'id': 21525793, 'body': ""We're so happy to hear this! Thanks for the review :) Would you mind letting us know how we could provide a 5 star experience for you? Reviews mean a lot and help other users find Rootd so we would love to hear from you. Please email team@rootd.io. Hugs!\n"", 'modified': '2021-03-09T01:34:35Z'}",4,2021-03-06 13:53:32,Super Helpful!,False,rootd-panic-attack-relief,1289018369
Jess_Hill,Downloaded in the midst of an attack & it helped right away,"{'id': 20812403, 'body': 'This is exactly why we made Rootd! Thank you for sharing. If you ever have questions please let us know at team@rootd.io', 'modified': '2021-02-02T16:00:48Z'}",5,2021-01-31 15:26:23,Love this app,False,rootd-panic-attack-relief,1289018369
Manyreddevils,Rootd definitely has helped me through the panic attacks. Thanks Rootd!,"{'id': 16414346, 'body': 'You are so welcome - thank you for sharing your experience, we are so glad Rootd has been able to support YOUR strength and bravery!', 'modified': '2020-07-06T01:19:52Z'}",5,2020-03-24 21:45:10,Really needed right now,False,rootd-panic-attack-relief,1289018369
skskjaakalmdaka,"had a bad panic attack during school one day and was able to calm myself down effectively with the rootr button!! really like the app, itâ€™s discreet enough that i donâ€™t feel weird using it in school and itâ€™s helped me tons","{'id': 23665629, 'body': 'Thank you so much for sharing! Sending you the best vibes <3', 'modified': '2021-06-30T03:55:11Z'}",5,2021-06-27 08:08:37,great app,False,rootd-panic-attack-relief,1289018369
eddyy59,Great app helps me when Iâ€™m feeling discomfort just wonderful!!,"{'id': 20225565, 'body': 'Thank you so much for using Rootd - very happy it helps!', 'modified': '2021-01-06T21:36:56Z'}",5,2021-01-05 01:30:09,A++,False,rootd-panic-attack-relief,1289018369
AshleySJ,/\,"{'id': 23569470, 'body': 'Hello - could you please email us at team@rootd.io? Weâ€™d love to hear your feedback and learn how we can make it a 5 star experience for you. As a small team these reviews really have a big impact. Thanks!', 'modified': '2021-06-24T15:46:19Z'}",4,2021-06-23 03:39:21,one of many tools I use to get by every week,False,rootd-panic-attack-relief,1289018369
chasf0110,"Helped calm me down in the middle of a panic attack, the facts really help bring you out of it!","{'id': 21196174, 'body': 'So glad it helped! What can we do to make it a 5 star experience? Please let us know - team@rootd.io ðŸ™', 'modified': '2021-02-21T23:16:57Z'}",4,2021-02-19 17:53:50,Works!,False,rootd-panic-attack-relief,1289018369
AlifoodGFA,This is the best app! If you have anxiety or get panic attacks this app is a must haveðŸ‘,"{'id': 21195992, 'body': 'Thank you so much! Weâ€™re a small team and encouraging reviews like this mean so much <3', 'modified': '2021-02-21T22:46:55Z'}",5,2021-02-18 03:25:44,Best app,False,rootd-panic-attack-relief,1289018369
Jasmine Dunaway,"If their app doesnâ€™t help you, they tell you to call a hotline who will send the cops to your house and have to put in a psych ward. How is that supposed to help panic attacks?","{'id': 15930530, 'body': ""Hi Jasmine, \n\nThe emergency helpline tool is there for emergencies when it can feel like nothing else is helping. We include this button because there are a lot of young people that use Rootd and we want to ensure them that there should be no stigma around asking for help! You can also include the number of a friend or family member in this place if that feels more comfortable for you. \n\nPlease send us an email to team@rootd.io for more instruction and explanation on how the app works. We'd love for you to get the same benefits hundreds of thousands of other Rootd users get from the app. All the best to you! We look forward to your email. Again, our email is team@rootd.io"", 'modified': '2020-06-11T18:40:00Z'}",1,2020-06-10 19:03:22,Having you call the cops on yourself is not helpful.,False,rootd-panic-attack-relief,1289018369
fun but gets old,Helpful app that does quite a bit,"{'id': 22053595, 'body': 'Thank you for sharing. Please email us at team @rootd.io. Weâ€™d love to hear how we can help make it the 5 star experience so many others have found. ', 'modified': '2021-04-05T15:40:15Z'}",4,2021-04-04 02:05:46,Great app,False,rootd-panic-attack-relief,1289018369
pumpkinabby,Best app I have ever came across,,5,2021-01-27 21:09:02,Amazing,False,rootd-panic-attack-relief,1289018369
cory5555,It seems to be very good so far,"{'id': 20302637, 'body': 'So glad to hear this, thank you!', 'modified': '2021-01-11T05:05:53Z'}",5,2021-01-09 16:51:37,Rootd app,False,rootd-panic-attack-relief,1289018369
KCML95,"An effective and informative meditation app, especially useful for panic.","{'id': 23704081, 'body': 'Thanks! Could you please email team@rootd.io? Weâ€™d love to hear how we could help make it a 5 star experience for you. As a small team every review makes a big difference to othersâ€™ ability to find Rootd on the App Store.', 'modified': '2021-07-02T04:21:34Z'}",4,2021-06-30 12:12:17,Psychotherapist,False,rootd-panic-attack-relief,1289018369
$Elliott$,I love it helps me calm down and cope with anxiety,"{'id': 16718642, 'body': ""Thank you so much for your review! This is wonderful to read. We're very happy that Rootd is there for you! Don't hesitate to reach out to team@rootd.io should you have any questions"", 'modified': '2020-07-18T20:32:56Z'}",5,2020-07-08 22:44:19,This app is great,False,rootd-panic-attack-relief,1289018369
loitfbn,Seems good so far!,"{'id': 18881496, 'body': ""So glad to hear this! We hope Rootd continues to be good and great as you continue using it! Don't hesitate to reach out to us should you have any questions. All the best! "", 'modified': '2020-11-03T19:26:35Z'}",5,2020-11-02 02:43:01,Good,False,rootd-panic-attack-relief,1289018369
Emma.Ãguila,i was feeling anxious so i figured iâ€™d try it... attempted the breathing exercises only to discover that when it gets to the â€œbreath outâ€ part thereâ€™s a super annoying vibrating like an alarm going off. definitely didnâ€™t help me chill and i couldnâ€™t find a way to turn that off so i gave up and quit.,"{'id': 18387361, 'body': ""Hi Emma, \n\nWe are a very small team working our hardest on this after having experienced panic attacks and anxiety ourselves. We take our user feedback extremely seriously (and is why we put in the vibration - it was requested by users). It would mean a lot if you gave us the chance to change this review from a 1 star to 5 stars :) Please email us at team@rootd.io (we aren't able to know what your email is so we can't email you). \n\nLooking forward to connecting and fixing this issue for you! "", 'modified': '2020-10-10T01:54:43Z'}",1,2020-10-08 05:13:44,hurts more than it helps,False,rootd-panic-attack-relief,1289018369
Abigailhall,itâ€™s a good app so far. itâ€™s nice to know thatâ€™s when iâ€™m in need of some kind of help i can try to go to the app to help my breathing and come t my thoughts,"{'id': 18483256, 'body': 'Thank you for the review. It sounds like youâ€™re enjoying Rootd â˜ºï¸ Weâ€™d love to know how to make it a 5 star experience for you - please send us a note to team@rootd.io ', 'modified': '2020-10-14T17:39:30Z'}",4,2020-10-09 15:27:26,ðŸ¤”,False,rootd-panic-attack-relief,1289018369
Alghali,Nice app except if it has an arabic language in it,"{'id': 17811177, 'body': 'Hi there, We can only add languages with the support of our lovely users. Please email us at team@rootd.io if you can provide support. \nAll the best! ', 'modified': '2020-09-10T19:38:07Z'}",4,2020-08-28 23:07:20,Good app,False,rootd-panic-attack-relief,1289018369
49482737193,very helpful when you need instant help or relief.,"{'id': 22381536, 'body': 'So good to hear youâ€™re finding Rootd helpful, thank you for sharing your review <3', 'modified': '2021-04-21T19:34:20Z'}",5,2021-04-19 12:37:29,helpful,False,rootd-panic-attack-relief,1289018369
Xx.butter.flys.xX ðŸ¦‹â™ï¸ðŸ”¥ðŸ˜ŠðŸ›¼,Éª á´›Ê€Éªá´‡á´… á´›ÊœÉªs á´€á´˜á´˜ á´€É´á´… Éªá´› á´€á´„á´›á´œá´€ÊŸÊŸÊ Êœá´‡ÊŸá´˜s á´á´‡ Ê™á´‡á´„á´€á´œsá´‡ ÉªÒ“ Éª á´›ÊœÉªÉ´á´‹ á´€Ê™á´á´œá´› sá´á´á´‡á´›ÊœÉªÉ´É¢ á´›á´ á´á´œá´„Êœ Éª sá´›á´€Ê€á´› É¢á´‡á´›á´›ÉªÉ´É¢ ð™°ð™½ðš‡ð™¸ðšƒðšˆ(sá´Ê€Ê€Ê Éª á´…á´É´á´› á´‹É´á´á´¡ Êœá´á´¡ á´›á´ sá´˜á´‡ÊŸÊŸ!) á´€É´á´… á´›Êœá´‡É´ Éª sá´›á´€Ê€á´› á´„Ê€ÊÉªÉ´É¢ Ê™á´œá´› á´‡á´ á´‡Ê€ sÉªÉ´á´„á´‡ Éª É¢á´á´› á´›ÊœÉªs Éª Ò“á´‡á´‡ÊŸ á´á´Ê€á´‡ Ê€á´‡ÊŸá´€xá´‡á´…. Éª ÊŸÉªá´‹á´‡ á´›ÊœÉªs á´€á´˜á´˜ á´€ ÊŸá´á´› sá´ á´œ sÊœá´á´œÊŸá´… á´€ÊŸsá´ á´›Ê€Ê Éªá´›!,"{'id': 20462682, 'body': 'Thank you for your review and recommendation!', 'modified': '2021-01-18T05:17:55Z'}",5,2021-01-16 05:31:43,Very nice app Nice quality,False,rootd-panic-attack-relief,1289018369
Yermel,"I can only speak on my experiences, so I love this app! The content of this app, it has helped me through a very stressful and anxious week. For some reason this week alone Iâ€™ve had daily panic attacks, but this app has helped tremendously with relief. I love the factual information they send you with the panic button. I canâ€™t recall what I already know when Iâ€™m in a panic state; I lose all sense of reasoning and fact finding, so reading the information in this app helps a lot with returning to a coherent calm state, and reminding me of what I already know about panic attacks. 

My favorite part is Rootdâ€™s push to help you overcome and understand your anxiety issues from a root cause level, rather than just a quick fix. When on the purchased version they provide tools to help you investigate and resolve your root issues. This helped me identify several causes of my panic attacks from this week, and I see some long term patterns that have been toxic in my life. I am starting to build confidence and feel in control again! 

So now the reason for 4 stars instead of 5:

I ran into a snag with the purchase. I bought this on my laptop, and the directions said to open up the app on my mobile and restore purchase. It didnâ€™t work. I tried multiple times across multiple days. After three days of no success I contacted support through the website contact form. No response, ever. I finally found the email to contact the company directly through my emailed receipt. Once I got in touch, they validated my purchase and unlocked the premium content on my account. Phew! 
BTW, they are very friendly and helpful, they just need to fix their website. Thanks Rootd!!!","{'id': 21079378, 'body': ""Hi there Yermel,\n\nWe're so happy you found Rootd! Please do email us at team@rootd.io so that we can figure out what happened with that contact form email. We have not been able to find it but other emails from the form are going through. It means a lot to us as we are working very hard to provide a 5 star experience for our users. "", 'modified': '2021-02-16T05:36:26Z'}",4,2021-02-13 00:51:30,"Excellent resources, but had purchase issues on website that DID get resolved :)",False,rootd-panic-attack-relief,1289018369
1982NMM,"So far, good stuff. Need to dig into it more.","{'id': 18744796, 'body': ""Hi there - thank you for feedback so far! It would mean a lot to us if you came back to update your review once you've had a chance to look at everything in the app. We are a small team doing our best to provide a 5 star experience :) \nIf you have any additional feedback in the meantime, you can share that at support@rootd.io "", 'modified': '2020-10-28T02:10:07Z'}",3,2020-10-26 00:10:14,Review,False,rootd-panic-attack-relief,1289018369
**(7);,Very helpful for mental health/ anxiety!,"{'id': 23334168, 'body': 'Hi there, thanks very much for reviewing Rootd! Is there anything we can do to earn a 5 star review? Please email us at support@rootd.io to let us know. \n\nHugs!', 'modified': '2021-06-11T17:40:58Z'}",4,2021-06-09 20:18:24,Helpful for stress,False,rootd-panic-attack-relief,1289018369
Native 22,it helps me a lot !,"{'id': 21525739, 'body': ""We're SO happy to hear that Rootd helps you a lot! Would you mind letting us know how we could provide a 5 star experience for you? Reviews mean a lot and help other users find Rootd so we would love to hear from you. Please email team@rootd.io. Hugs!"", 'modified': '2021-03-09T01:32:52Z'}",4,2021-03-06 17:43:32,great,False,rootd-panic-attack-relief,1289018369
Antonio_Paola,"Finally, an app with a very intuitive approach to keep panic attacks at bay.  It  has been medically proven through MRIs coupled withlearning mindfulness has actually reduced the size of the amygdala, an app with a very intuitive approach to keep panic attacks at bay.  It  has been medically proven through MRIs coupled withlearning mindfulness has actually reduced the size of the amygdala Finally, an app with a very intuitive approach to keep panic attacks at bay.  It  has been medically proven through MRIs coupled withlearning mindfulness has actually reduced the size of the","{'id': 22269861, 'body': 'Thank you so much for your review!', 'modified': '2021-04-15T21:58:55Z'}",5,2021-04-14 07:27:39,The team behind understand panic attacks!,False,rootd-panic-attack-relief,1289018369
c.dancewalker,Causes more anxiety. Useless.,"{'id': 20767913, 'body': ""Hi there, \nCould you please email us at team@rootd.io so we can better understand where this comment is coming from? It's a stark contrast to other 5 star feedback we get everyday, so we'd really like to get to the bottom of this with you - your opinion matters to us! Looking forward to hearing from you! "", 'modified': '2021-02-01T04:12:32Z'}",1,2021-01-29 17:55:11,No,False,rootd-panic-attack-relief,1289018369
Rae218,"Iâ€™ve searched for a good â€œanxiety helpingâ€ app FOREVER. Finally my therapist recommended this one, so far I really love it, I love the breathing, body scans and rape silly love the panic attack facts! I love that it can read them out loud or you can read them, these are all thoughtful details for things we may need during times weâ€™re not thinking straight! I also love that I can use this on my Apple Watch, although Iâ€™m having some trouble with it freezing up, but I think the bugs can be fixed!

Some suggestions: I would love an open writing journal section along with the guided questions! Also just a few kinks with the Apple Watch use working smoothly. I would also love the option to text my SOS person from the app as well, maybe some already written out statements, so itâ€™s an easy click! Part of my treatment plan With my therapist is to text (not call) an SOS to a chosen friend to encourage me to do my breathing exercise when Iâ€™m feeling too out of control in a panic attack, so this is amazing! 

I havenâ€™t gotten to try the full version yet, I would love a free trial period because if this is fitting for me I would definitely purchase it!","{'id': 19881288, 'body': ""Hi there Rae, \nWere you able to hear back from one of us? If not, please email team@rootd.io\n\nWe'd really love to provide you a 5 star experience as our ratings are very important for us as a small team. They help others that could benefit from it find the app :) "", 'modified': '2020-12-20T17:32:41Z'}",4,2020-11-26 04:23:04,This is a good one! I think with a few tweaks itâ€™ll be my forever go to!,False,rootd-panic-attack-relief,1289018369
Hgdgiyg,"UPDATE: after posting an honest review of my experiences using this app, the developer responded with a rude and intentionally condescending response. Totally uncalled for in every way. I will no longer be keeping/using/recommending this app simply because of the developer response. Judging by the way they specifically mocked several parts of my review and insulted me for giving honest feedback, am sure they do not care. 
If I could give zero stars I would. One star for the idea (and because itâ€™s the lowest I can go).

Original Review: I love the idea and direction of this app...
That being said, I used the Rootr tool (big red button) in a calm positive state, and it sent me straight to an anxiety attack. Statements to the effect of â€œfeel the anxiety and invite it to come back againâ€ and â€œfeel how your chest tightens and ask for moreâ€ are horribly triggering. I understand the point is to overcome anxiety by not allowing it to take control of me, but I found these prompts or statements counterproductive to conquering my anxiety.
Also, the little monster face on the app icon looks terribly stressed out and is not so inviting for me to use when Iâ€™m struggling.
I am going to keep the app for now and keep an eye on any changes or updates.
I really wanted to send this to a good friend of mine, but as it is now I am worried it would cause more harm than help.","{'id': 14221568, 'body': 'Hi there, \n\nIt looks like you may have not read the lesson on the Rootr tool (big red button). It explains that the yellow / challenging option should be used when you\'re ready to face the anxiety head on in the midst of a panic attack. Until then, you should use the other calming option. This tool was carefully planned out and based on Cognitive Behavioural Therapy, helping many ""graduate"" from panic attacks and using the Rootd app. That being said, it should be used according to the instructions. Please email us at team@rootd.io as we\'d love to hear more! \n\nThank you ', 'modified': '2020-03-24T18:57:38Z'}",1,2020-03-25 00:41:55,"Potential, but caused more anxiety for me",True,rootd-panic-attack-relief,1289018369
zerocoolyme?,"Wanted to try this app out but there are no titles when trying to sign up. Doesnâ€™t list where to put password, email or username.","{'id': 13497259, 'body': ""Hi there,\n\nYou must have a new version of the iPhone :) \n\nWe are currently fixing this issue and the update should be out in a few days. Please email team@rootd.io so we can help get you signed up, and we'd be happy to offer you something in return due to this inconvenience. "", 'modified': '2020-02-14T22:25:25Z'}",1,2020-02-12 00:05:01,Sign up is impossible,False,rootd-panic-attack-relief,1289018369
