review,isEdited,userName,date,title,rating,developerResponse,app_name,app_id
"I love, love, love this app. One thing though is that the music doesn‚Äôt shut off automatically after a meditation, which is a little annoying for the sleep ones. However, the programs are great, a wonderful mix of options, and the narrator is lovely and just the right amount of guidance for my and my kiddos (9 and 11). The only changes that‚Äôd be awesome are if it integrated with health, and the dashboard showed the actual length of each day.

All that being said, meditation and mindfulness aren‚Äôt panaceas. They‚Äôre great for you and they help a lot to reduce day-to-day anxiety and manage stress, but expecting a mediation app to stop panic attacks with no other interventions is kinda like expecting jogging to fix a broken wrist. It‚Äôs not that jogging isn‚Äôt good for you or that you‚Äôre doing something wrong when you keep jogging and your wrist keeps hurting. It‚Äôs that it‚Äôs probably not the intervention you need to fix your wrist. And if your wrist is broken, or you‚Äôre suffering from panic attacks and really debilitating anxiety, you deserve the care that can help those things truly heal. Check out DBT, CBT, or the Work of Byron Katie‚Äîall interventions that can help greatly with anxiety and racing minds and integrate really well with mediation.",False,Kaytearose,2020-07-24 15:42:30,Fantastic app but not therapy,5,"{'id': 16917109, 'body': ""Thanks so much for this wonderful review! We are looking into the music tuning off after a meditation in a future update. We are glad to hear it your kids love it as well!\n\nYou are absolutely right about mindfulness! We define mindfulness as paying attention to the present moment with openness, curiosity and without judgement. While we know there are many benefits psychological and physiological benefits (including reducing worries, anxiety and distress) we do not believe it to be fix all panacea. You can read here all about how we define mindfulness and it's benefits: https://www.smilingmind.com.au/mindfulness or visit this page to learn about all of the research we are doing into mindfulness and meditation practices https://www.smilingmind.com.au/research. Thanks again for your thoughtful review!"", 'modified': '2020-07-28T06:12:43Z'}",smiling-mind,560442518
"I love this app! I chose this app to try because of it being completely free, and I so appreciate that it is a free app for listeners. I was skeptical of meditation, but after giving this app a try, it has changed my mind. I listen to these meditations every night to help me unwind from my day and fall asleep. 
It has a great variety of programs to choose from. 
Personally, I really like that the meditation music continues to play even once the meditation ends, as it helps me to continue to relax and fall asleep without the abrupt ending. Instead of getting rid of this option, maybe have a sleep timer setting option so that listeners can choose if they want the music to continue playing or shut off immediately when the meditation ends. (Similar concept to a sleep timer that many music apps have). 
Thanks for having such great options for meditations, and keeping it as a free app for listeners!",False,Gncx,2020-12-09 03:01:39,A wonderful app!,5,"{'id': 20386976, 'body': 'Thank you so much for sharing your experience of the app and some suggestions for us, we really appreciate it!', 'modified': '2021-01-14T01:32:56Z'}",smiling-mind,560442518
"Wow, first off - this app is 100% free! No ‚Äúfree trials‚Äù then having to pay a ridiculous amount of money or only being able to use some tracks.  Secondly, since having traumatic brain injury, depression, and anxiety I have always heard people (medical professionals too) say ‚Äútry meditation‚Äù and I just never was into it. It always bored me .. and I was a bit scared. But, with this app being absolutely no cost whatsoever, I finally get to practice and practice and go as slowly as I want and it has paid off! Even though I am new to this app, it has already done wonders for me! I have stopped taking melatonin at night to help me sleep because I always do a meditation from this app before I go to bed! 

Wow, I really just cannot say enough about this app!",False,Leaz77,2020-05-12 01:34:52,truly amazing :),5,"{'id': 15527864, 'body': 'Thank you so much for taking the time write this wonderful review!! :) ', 'modified': '2020-05-25T01:38:43Z'}",smiling-mind,560442518
"I love everything about this app itself. As an American, I seriously love the Australian accents featured in each meditation. And I immensely appreciate the services being offered for free. However, I do have one (and only one) complaint and that would be that my app crashes - quite literally - every time that I try to open it from the notification screen. By that, I mean that whenever I receive a ‚Äúyou have not meditated in ___ days, click here to do your next meditation‚Äù or a ‚Äúit is time for your daily meditation‚Äù notification and I click on the given notification to open the Smiling Mind app, the app crashes and takes my phone back to its home screen every time. If this slight bug could be addressed, I‚Äôd absolutely change my rating to a 5-star and be happy to do, and I‚Äôd officially have no complaints left. Regardless, thank you for a great app and I am a big fan of it!",False,The Hot Sexy Taco,2021-02-13 18:42:10,Just one complaint,4,"{'id': 21874154, 'body': ""Hi there, thanks for the positive review. We've released a new version of the app and hopefully it's not crashing like this for you anymore!"", 'modified': '2021-03-26T02:00:54Z'}",smiling-mind,560442518
"I have had a incredibly hard time falling asleep and going throughout my average day due to my diagnosis of depression, OCD,ADHD and anxiety and can never just sit and meditate or even just focus on a meditation but this app has 100% changed that. I swear by it. Every night any session I listen to even two minutes in I am out cold. I have never been able to stay awake for a full mindfulness video because it is so relaxing and causes me to fully be one with myself. There are a TON of different modules and sessions to listen to and I recommend this app to everyone and anyone teens kids adults just everyone I love this app and I have nothing negative to say about it. Thank you smiling mind for helping me get a better sleep and better mind!",False,alpacasRus,2020-10-01 18:30:05,Changed my life,5,,smiling-mind,560442518
"I just started using this app, along with my child, and I don‚Äôt know what I would do without it. We both have ADHD so sitting is hard, but knowing I can start off with 1 or 3 minute sessions is not overwhelming. They are so useful and help me to stay calm or more focused. I do want to build up to longer ones, but baby steps. I just used the SOS because I was agitated and I needed to calm down and it worked! Yesterday I used the gratitude one and felt happy. Also, thank you for making this app free. I can‚Äôt fit more money into our budget currently so I can‚Äôt thank you enough for this. My daughter just started yesterday but I think it will help with her anxiety. Also, the daily check in is a great feature",False,KatieI70s,2020-08-20 11:28:48,I needed this in my life,5,"{'id': 17637755, 'body': 'Thank you so much for sharing your story. It means so much to us when we can hear feedback like this directly from our users. Keep up the great work!', 'modified': '2020-09-02T02:16:39Z'}",smiling-mind,560442518
"Having just started medical school in the US this past year, I became stressed out and started taking a negative outlook on life. I was also not treating those closest to me with the respect and love they deserved. After breaking up with my girlfriend, I decided to actually give myself time to meditate and reflect each day on who I was and how I could change. Doing Smiling Mind meditations regularly has made me more mindful of my emotions and how I don‚Äôt have to react to them immediately. I‚Äôve also enjoyed the sleep meditations because the soothing Australian accents usually knock me out before the recording is even over. Thank you guys for making this app and making it free and available for everyone",False,Joe from Wakanda,2021-03-25 01:18:27,Actually changed my life!,5,"{'id': 22091848, 'body': 'Thank you for sharing your story!', 'modified': '2021-04-07T06:59:42Z'}",smiling-mind,560442518
"I have been using Smiling Mind for about a month now and it is amazing!! It is the first completely free meditation/mindfulness app that I have found and it is very well put together. There are different sections based on who is meditating and there are so many different sections. I have done the Intro and am now doing the foundations course. This app has really allowed me to learn how to practice and incorporate mindfulness into my life even when I feel too busy to sit down and pull out the app. I think that this app is perfect for anyone who is interested in mindfulness/meditation, but doesn‚Äôt want to pay a lot like most of the other popular meditation apps!",False,victoriaolsen1,2021-04-07 12:08:33,My mind is smiling,5,"{'id': 22270452, 'body': 'Thanks for sharing!', 'modified': '2021-04-15T23:50:28Z'}",smiling-mind,560442518
"This is the best mental health/check in app I‚Äôve ever come across. I was so tired of mediation apps bombarding me with ads and the pressure to pay more for better services (it‚Äôs like.. the last thing I need when I‚Äôm trying to relax...) But Smiling Mind truly makes me feel like the people who created it actually care about the practice of mediation and not about making a buck. I find the directions to be clear and grounding, and I appreciate the wide variety of lessons and tips‚Äîthey even have a series dedicated to relieving stress during quarantine. I highly recommend this app if you struggle with anxiety and/or depression!",False,Wolffjesswolff,2021-04-02 14:16:36,I love this app!,5,"{'id': 22091749, 'body': 'Thank you so much for this glowing review!', 'modified': '2021-04-07T06:55:49Z'}",smiling-mind,560442518
This app has changed me and I am so happy that I discovered it. I am 16 and I love the kids programs they let my imagination run wild. The teen and adult programs are also so amazing. It is completely free!! I was expecting costs but I got on the app signed up and no costs. Most of the other meditation apps cost money but this one doesn‚Äôt. The people talking seem like they are talking personally to you even though they are talking to millions of people. Their voice is so calming and I fall asleep in 5 minutes with an amazing sleep experience. I don‚Äôt know how they do it! I love love love this app!!,False,Pic colage nerd:/,2020-04-17 04:56:43,It‚Äôs completely FREE,5,"{'id': 15144262, 'body': 'Thanks for the great 5-star review!', 'modified': '2020-05-07T01:35:06Z'}",smiling-mind,560442518
"I love love love smiling mind! I was first introduced to mindfulness when I downloaded the app Calm. I loved it and it was a great introduction, but you had to pay money for the full experience so I knew that I needed to look for something else. That‚Äôs when I found smiling mind. You don‚Äôt have to pay, and there are like hundreds of meditation sessions! It doesn‚Äôt even matter what age you are. There are sessions for kids, teens, adults, and everyone else. The voices in the sessions are soothing and engaging. I recommend smiling mind for everyone! It is an amazing app!!",False,ILoveCalmApp,2020-05-26 23:10:28,Amazing!,5,"{'id': 15910305, 'body': 'Thanks so much for this wonderful review!', 'modified': '2020-06-11T00:48:28Z'}",smiling-mind,560442518
"So I started mediation after a little bit of brief interest and my first pick was Headspace bc it was the only one I knew of, but I didn‚Äôt like the paywall of it so I looked for alternatives, and found this. 

100x better than Headspace first and foremost, very user friendly, and I love how it‚Äôs a nonprofit! I‚Äôm getting more comfortable with the program and I love how it‚Äôs set up.

I would give it five stars, but I was hoping for a dark mode, lol! I have eye strains and it helps a bit personally so if that was a potential feature to be added then great! Otherwise, amazing app! Nice job developers!",False,Gym Rita,2020-07-19 00:51:04,Great alternative + new user friendly,4,"{'id': 16916899, 'body': 'Thanks so much for your wonderful review. We really appreciate your feedback and your suggestion for dark mode has been passed onto the team. Keep up the great work!', 'modified': '2020-07-28T06:04:46Z'}",smiling-mind,560442518
"I've been using this app for a while now and have never had this problem. It won't open! I tried deleting and re-installing and I'm still having the same problem. It normally works just fine. 

Were it working normally my review is that I really enjoy this app. I use it most often for falling asleep at night and for a quick reset when I'm overwhelmed or stressed. I'm fairly new to meditation so I feel like it has been perfect in getting me accustomed to it. It gets five stars from me once I can open it again.",False,Pulsibaby,2020-08-17 12:25:17,Refusing to open? Other than that it's great,4,"{'id': 17637698, 'body': 'Thanks for sharing this, has the app opened again? If not, please reach out to info@smilingmind.com.au and someone from our team will help you out!', 'modified': '2020-09-02T02:13:03Z'}",smiling-mind,560442518
"I‚Äôve used this app for 2-3 years now, but the last 2-3 months it keeps alerting about network errors and I have to manually tap the screen (sometimes multiple times) for the bubble (loading) screen to disappear and be able to select anything. Which after almost every time I select anything I have to manually tap the screen to dismiss the bubble loading screen. It‚Äôs been quite annoying the past few months when I use this app. Once they fix these issues, I could change rating to 5 stars",False,Vol4Life27,2020-08-28 15:17:43,Good mindfulness app but very buggy lately,3,"{'id': 17637773, 'body': ""I'm sorry to hear this, please reach out to info@smilingmind.com.au and someone will help you out!"", 'modified': '2020-09-02T02:17:11Z'}",smiling-mind,560442518
"Really solid range of meditations, including developmental tools to get started with little commitment and to gradually see the benefits.  It‚Äôs been part of my routine for years.

New app has some nice enhancements and the usual bugs with a major upgrade (won‚Äôt let me change voice gender at the moment) but the apps track record on fixing such things is good.  Stick with it.  The benefits are worth the investment.",False,scryer99,2021-03-31 15:04:16,"Great app, despite occasional bugs",5,"{'id': 22091770, 'body': 'Thank you very much for the kind words!', 'modified': '2021-04-07T06:56:17Z'}",smiling-mind,560442518
"DISCLAIMER: This app is great for guided meditations. I love the programs and the voice and the actual use I get out of the app.

With that in mind, I have been running into loading issues as well as the app refusing to open even after turning my phone off or even deleting the app. I get lots of ‚Äútimed error‚Äù messages which is confusing because the WiFi/data work for every other app on my phone and load just fine. The main reason I wanna give this review is so that hopefully someone will take notice and fix the issue I‚Äôm running into. I love the content. I just think the software needs tweaking. Thank y‚Äôall!!",False,griffinmj,2020-08-14 03:53:24,Software Issue,2,"{'id': 17637689, 'body': 'Thanks so much for sharing this and I am sorry to hear that you are running into these issues. Please reach out to info@smilingmind.com.au and someone from our team will help you out!', 'modified': '2020-09-02T02:12:08Z'}",smiling-mind,560442518
"I have been using this app extensively and I really enjoy using it. However, I‚Äôd love for there to be an option that shows how many minutes a day you‚Äôre actually meditating for since the ‚Äúmeditation minutes‚Äù are just the total time used. I‚Äôd like to see an option that tells you the actually number of minutes done daily. Besides that, this app is amazing! Thank you!",False,MindfulEd,2020-04-23 07:14:41,Great App. Just one suggestion.,5,"{'id': 15144132, 'body': 'Great idea, we will pass it onto the team. Thanks for the 5-star review!', 'modified': '2020-05-07T01:28:47Z'}",smiling-mind,560442518
"Thank you so much for finally doing this. For finally having a meditation app that is truly free and ad free that actually helps. One suggestion; I font know how simple it would be but I would really like if this app were comparable with the health app on Apple phones because I manage may things form there and would love to track my ‚Äúmindful minutes‚Äù from there. Again, thank you.",False,Ally Ullenius,2020-01-10 05:15:54,Thank you,5,"{'id': 12872359, 'body': ""Thank you for sharing such a positive and glowing 5-star review! As a 100% not for profit providing a free app, we often have many more features which are requested by users than we can't immediately deliver with our resources. Because of this, all requests are reviewed and then prioritised based on how well they can help support us achieving our vision."", 'modified': '2020-01-13T03:56:28Z'}",smiling-mind,560442518
I never write reviews but this app is definitely worth the five star review. Every meditation app I have used always had in-app purchases for me to gain the full experience. This app is AMAZING!!! Don‚Äôt waste your time gaining the partial meditation experience or spending money on the full experience when this app gives you the full experience for FREE. It is so versatile I can‚Äôt can‚Äôt wait to finally be able to meditate on a daily basis.,False,lillytunes7890,2020-03-27 03:29:16,THIS is it!!!,5,"{'id': 14373200, 'body': 'Thanks so much for your wonderful review, we are so glad to hear how much you enjoy our app!', 'modified': '2020-04-01T00:55:37Z'}",smiling-mind,560442518
I've used this app for a while. The content was always great the but layout/design was a bit confusing and overwhelming. Not anymore. I opened the app recently dkr the first time in a couple weeks and was excited to see a whole new design. It's a huge improvement and much easier to use. I feel like this is now on par with the big paid apps like Headspace or Calm.,False,Chrisobs13,2021-04-26 13:01:48,Update is huge improvement,5,"{'id': 22581449, 'body': 'Thank you so much for sharing such a wonderful review! We are glad to hear you are enjoying the new app!', 'modified': '2021-05-03T03:29:00Z'}",smiling-mind,560442518
"I was browsing for meditation apps to help me to focus on myself and my mental health. I came across this app and can not be happier.  First of all, it's free!!! It really is free and it's literally a step by step course on meditation and mindfulness.  I'm a week into it and I immediately feel clearer. I have never felt this way about an app. I have to thank the makers of this app for helping me to understand how valuable it is to just he still and quiet.",False,Jenny96,2020-01-14 01:09:38,A BLESSING!,5,"{'id': 12916357, 'body': 'We are so glad that our app is helping you out! Thank you for sharing your review, Happy Meditating!', 'modified': '2020-01-14T23:08:48Z'}",smiling-mind,560442518
This is a great option for both children and adults. This app provides a variety of meditation choices and is very user friendly. Setting up an account was easy and the graphics are visually pleasing. I enjoyed exploring this app for not only personal usage but will recommend this for my students and colleagues to use. This app includes relevant languages for different regions in Australia but would benefit from adding additional languages for other areas of the world.,False,mayardiamond,2020-01-30 17:24:40,Great app!,4,"{'id': 13278013, 'body': ""Thank you for the lovely review ‚Äì it's so nice to hear how much you are enjoying the app! \nAs a not for profit we don't always have the resourcing to work on all feature updates that we'd like to, having said that, creating content in other languages and voices is something we are actively investigating. \nThanks again and happy meditating!"", 'modified': '2020-02-04T04:19:46Z'}",smiling-mind,560442518
I was always in disarray until I have this a try. I‚Äôve always had trouble sleeping but this has specific meditations that get me right to it. Listening to one of these can change my whole day for the better. So easy to use and approachable. The one thing is I‚Äôm always told to ‚Äúfind a seat‚Äù and all that but I rarely do just out of personal preference.,False,coconimbus,2021-03-22 05:46:21,Changed My Life!,5,"{'id': 21874279, 'body': 'Thanks for sharing your story and review!', 'modified': '2021-03-26T02:09:13Z'}",smiling-mind,560442518
"The best meditation app that exists on the market today. I cannot express enough gratitude for the team behind this life changing app. The sleep meditations have really helped me through my sleep issues and I cannot imagine my life without this app. All the guided meditations are amazing, especially the one titled ‚Äòoceans‚Äô. Highly recommend, 5 stars!!",False,k7150m,2021-05-13 05:56:42,Highly recommend. Life changing app,5,"{'id': 23143040, 'body': 'Thank you so much for this glowing 5-star review!', 'modified': '2021-06-02T04:40:15Z'}",smiling-mind,560442518
"this app has a minimalistic design and i love how it looks and how to navigate the app. it is amazing how it‚Äôs literally FREE. like, completely! there‚Äôs no ads either! the one thing i don‚Äôt like is that the exercises are a bit repetitive. what i mean is there is one exercise, for example the belly breathing with the bubble, it repeats about 7 times over and over again. thanks for reading and i hope you have a great day! üòä",False,LunaEva2009,2021-05-25 11:01:53,repetitive,4,"{'id': 23142705, 'body': 'Thanks so much for this review!', 'modified': '2021-06-02T04:27:48Z'}",smiling-mind,560442518
"I‚Äôve used and paid for all of them: headspace, calm, asana, and more I cannot recall. This is by far my favorite. The UI is super intuitive. The colors are friendly. There is a lot of really good content. I especially like that the music continues after a session, it helps when I listen to take a nap and the sound keeps playing. Thank you Australia!",False,skwidney,2020-10-13 02:02:56,Really thoughtful app!,5,,smiling-mind,560442518
"I have been using Smiling Mind for a couple of years already. I have seen big benefits from using it daily and on particular occasions. The big advantage is that the app is free and has a lot of meditations available for different age groups or profiles. 
Definitely recommending it to any person wishing to improve their wellbeing.",False,Freeman85,2021-05-12 07:17:30,Recommend the app,5,"{'id': 23143054, 'body': 'Thanks for the wonderful review!', 'modified': '2021-06-02T04:40:57Z'}",smiling-mind,560442518
"Hi, when I first downloaded the app there was very limited meditation sessions in the app itself. I think it‚Äôs a good start if you want to know how to manage different areas of your life. I thinks it‚Äôs cool how it‚Äôs free but still it‚Äôs very limited I was expecting it to have more sessions in these but I guess not.. sadly one suggestion I have is to include more in the app and like get new meditation sessions everyday so that the app is fresh and we can learn more. Compared to other apps on the App Store there are a lot of meditation sessions to choose from so yeah.",False,floofy chipper,2021-05-15 12:53:52,"Very disappointing, not worth it",1,"{'id': 23142979, 'body': 'Thanks for the feedback. As a non-for-profit offering a free app we are proud to say that there are hundreds of meditations to choose from in our app and hope that you can find the right thing in there for you!', 'modified': '2021-06-02T04:38:28Z'}",smiling-mind,560442518
"I have been using Smiling Mind for a bit over a week and am so pleased with the presentation and depth and breadth of content. I have tried other mindfulness apps, but this one really suits my style...and the soothing Aussie accent of the presenter just makes it even more of a lovely experience!",False,PenelopeQ,2020-05-30 16:43:39,The mindfulness app the world needs right now,5,"{'id': 15910325, 'body': 'Thanks for sharing this great review!', 'modified': '2020-06-11T00:50:16Z'}",smiling-mind,560442518
"I really like this it‚Äôs been helping me A lot with my anxiety I love  how it‚Äôs all ages app kids to grown-ups and  elderly‚Äôs. Is a great app if you have anxiety I really recommend it if you do it‚Äôs so nice I can‚Äôt  say 
anything about it I just got done taking one classes and I‚Äôm feeling so relaxed right now so yeah",False,unicornflowercandyflowercandy,2021-05-19 22:14:58,Nice if you have A big amount anxiety,5,,smiling-mind,560442518
"This has been the best mediation app I have found. I really appreciate the group that put this app and these programs together. It has been very helpful in my life. I haven't done 10 minutes a day. If I did this consistently, I think my mental state would improve even more.",False,Nanclo,2020-09-06 03:28:38,Thank you,5,"{'id': 17942776, 'body': 'Thanks so much for sharing!', 'modified': '2020-09-18T00:56:33Z'}",smiling-mind,560442518
When I first downloaded this app I was full of anexiety and General confusion on the course of my life now I can focus I‚Äôm happy and I‚Äôm relaxed just a little bit of mindfulness every night is absolutely insane what can change the mind thank you smiling mind you‚Äôre the best!!!,False,ben7354,2020-07-12 05:31:14,Changed my life!,5,"{'id': 16683515, 'body': 'Thank you so much for sharing this! We are so glad to hear how mindfulness is playing a part in your life, keep it up!', 'modified': '2020-07-17T00:23:49Z'}",smiling-mind,560442518
"just when i thought that there‚Äôs no app that doesn‚Äôt require any money, this showed up. i feel so lucky to have this one. i‚Äôve been trying to meditate back then and i‚Äôve tried so many apps but it always require a subscription in which i don‚Äôt have the money to pay for. thank you so much to the developers and to the amazing people behind this app! it helped me so much and thank you for introducing mindfulness to me. im looking forward to the future updates for this app! once again, thank you.",False,Poyinnnn,2020-07-22 13:46:50,truly amazing!,5,"{'id': 16916943, 'body': 'Thanks so much for this wonderful 5-star review!!', 'modified': '2020-07-28T06:06:11Z'}",smiling-mind,560442518
"I have tried several apps for meditation but after I tried this one I was happily hooked! For me, it is easy to navigate, well thought out, and a necessary addition to my daily self-care routine.",False,Worker man,2021-05-23 01:18:11,Thank you!!!,5,"{'id': 23142759, 'body': 'Thank you for the 5 star review!', 'modified': '2021-06-02T04:30:34Z'}",smiling-mind,560442518
"I downloaded the app, set up an account and it does nothing but show me an expanding circle in the middle of my screen. When I click on the screen it shows a dashboard but I can‚Äôt click on anything in the dashboard, then times out. It seems very buggy. I am looking for a free meditation app and was hoping this was a good one from the other reviews but it will not work for me and is causing stress and frustration not relieving it.",False,BarbPol,2020-07-27 12:19:59,Wouldn‚Äôt work for me,1,"{'id': 16917138, 'body': 'Sorry to hear this is happening, please reach out to info@smilingmind.com.au and someone from our team will help you out.', 'modified': '2020-07-28T06:13:30Z'}",smiling-mind,560442518
"I have been using this app for about 2 weeks now,after some family troubles Sleeping became a problem for me.I came to this app for free guided meditation,and it works well!",False,OwenOwengoin,2020-05-14 05:22:53,Good could use a bit of work,5,"{'id': 15527875, 'body': 'Thank you for sharing!', 'modified': '2020-05-25T01:39:22Z'}",smiling-mind,560442518
I absolutely love this app that why I am so sad that it only let me use it two days and now says can‚Äôt log in error. I hope there is a way to fix this because this app is very helpful,False,shadowqueen911,2021-04-15 01:12:02,Love but won‚Äôt let me back on after two days,4,"{'id': 22308257, 'body': 'We apologise for the bug that occurred, our development team has solved this problem. Please update to the latest version.', 'modified': '2021-04-18T23:00:24Z'}",smiling-mind,560442518
"I have tried several meditation apps for the iPhone, some are very good...alas all the ones I have tried have become a subscription service ( I guess life is a subscription service ). 

This app is different and in a wonderful way:  NO SUBSCRIPTION!  Yes!  

I have been using it for a few weeks now and it has good programs for children and adults. They have beginning meditation through advanced with guided steps the whole way. 

I am very pleased with it.",False,Fishface.us,2020-02-01 17:52:13,Great meditation app,5,"{'id': 13278120, 'body': ""Thank you for the great review ‚Äì we're so glad to hear you are enjoying our programs!\n\n"", 'modified': '2020-02-04T04:28:45Z'}",smiling-mind,560442518
I loved this app. it helped me fall asleep every night but now it doesn‚Äôt work. i‚Äôve tried everything from redownloading it to restarting my phone and or just using my data and not wifi and it still doesn‚Äôt work. HELPPPPP PLEASEEE!!!!!,False,Sums up my life,2020-10-19 06:07:51,IT stopped working for me.,4,,smiling-mind,560442518
Love this app but as of lately have been getting lots of error messages. I think the app needs a bug fix update. Thanks!,False,HeatherMil,2020-09-16 12:17:35,Love it but recently get error messages,5,,smiling-mind,560442518
This is the best app for calming an anxious mind. I have struggled with anxiety all my life and Smiling Mind is changing the way I manage my worried mind. I can‚Äôt begin to thank the developers behind this app. You are changing lives!,False,Lastuna,2021-03-17 16:42:31,Life Saver,5,"{'id': 21874247, 'body': 'Thank for the 5 star review!', 'modified': '2021-03-26T02:07:41Z'}",smiling-mind,560442518
An amazing app by a wonderful development team. Smiling mind really cares about people and continues to offer an excellent service despite many competitors charging an arm and a leg. TY smiling mind keep up the great work!,False,MissMel01,2020-11-25 00:26:08,Fantastic,5,"{'id': 20387020, 'body': 'Thank you so much for your kind words!', 'modified': '2021-01-14T01:35:27Z'}",smiling-mind,560442518
I‚Äôm taking a mindfulness class and I wanted a good introduction to meditation. I‚Äôve enjoyed the bed time routines which help me fall asleep and I love doing a few with my kids (5/7),False,debtisch17,2020-04-15 02:28:21,Beginner to meditation,5,"{'id': 15144333, 'body': ""Thanks for the 5-star review. That's great to hear you are using with your kids as well!"", 'modified': '2020-05-07T01:40:07Z'}",smiling-mind,560442518
"I downloaded the app, went to use it, and continue to get network errors. I see all sessions in ‚Äúmy program‚Äù as null. I cannot t view any new sessions, all pages are blank. App is very glitchy - I would appreciate someone reaching out to me to help me fix this. I‚Äôve tried the app both on and off WiFi. I‚Äôve killed the app. I will try removing and re-downloading.",False,BlondeGuppie,2020-09-16 18:10:05,App Not Working,1,"{'id': 17942805, 'body': 'We apologise for the inconvenience. Our app has been experiencing an increase in demand which caused some delay. These have now been resolved. Please reach out to info@smilingmind.com.au if the issue persists.', 'modified': '2020-09-18T00:59:27Z'}",smiling-mind,560442518
Seriously life changing. Struggled with many other apps and different yoga practices. This app has truly changed my life.,False,RAGrigg2020,2020-04-14 07:46:23,Best mindfulness app,5,"{'id': 15144339, 'body': 'Thanks so much for the fantastic review!', 'modified': '2020-05-07T01:40:41Z'}",smiling-mind,560442518
I love this app because it is a free service (I can not afford the fancy meditation apps) and it really has helped me improve my meditation practice and my mental health!,False,hikebabyhike,2020-02-28 18:42:46,Best Free Meditation App,5,"{'id': 13791209, 'body': ""We're so happy to hear our app has helped you!! Thanks for sharing and thank you for the great review. We really appreciate your support :) \nHappy meditating! "", 'modified': '2020-03-02T03:32:30Z'}",smiling-mind,560442518
What you get for free is better than many paid mediation apps on the market.,False,CopperClutch,2021-05-15 22:20:08,Bargain,5,"{'id': 23142768, 'body': 'Thank you for the kind words!', 'modified': '2021-06-02T04:30:57Z'}",smiling-mind,560442518
Great app that is helping me on my meditation journey. Love the narrator‚Äôs soothing voice and guided instruction. This is a game changer for me! Thank you!,False,4829BettyGirl,2021-04-04 06:31:08,Just what I was looking for,5,"{'id': 22091731, 'body': 'Thank you so much!', 'modified': '2021-04-07T06:55:25Z'}",smiling-mind,560442518
I never write reviews for apps. This app was the best meditation app i could find. I really love it. It gave me so much clarity and happiness,False,:) ‚ù§ boo boo,2020-05-06 16:31:04,The best meditation app,5,"{'id': 15527804, 'body': 'Thank you so much for sharing!!', 'modified': '2020-05-25T01:36:47Z'}",smiling-mind,560442518
Pretty annoying and takes away from my experience using the app.,False,99bb,2020-01-09 19:37:16,Makes me log in every single day,3,"{'id': 12872353, 'body': 'Thanks for reaching out, a fix has been rolled out for this issue and you should not be logged out of the app at random anymore. Please contact info@smilingmind.com.au if the issue persists.', 'modified': '2020-01-13T03:55:48Z'}",smiling-mind,560442518
Thank you so much for taking care of our minds!,False,–ë–µ–∑—É–º–Ω—ã–π –ú–∞–∫—Å4,2020-09-21 16:24:22,Appreciation,5,,smiling-mind,560442518
"This app was great until it totally stopped working. It just keeps say, ‚ÄúUser not found‚Äù no matter how many times I try to login, create new account, etc.  It‚Äôs very frustrating and disappointing because I loved  this app.",False,Barb1939,2021-04-20 13:22:53,App stopped working,1,"{'id': 22581403, 'body': 'Hi, can you please contact us at info@smilingmind.com.au and we will gladly help you in resolving the issue.', 'modified': '2021-05-03T03:25:14Z'}",smiling-mind,560442518
"Helped me establish my daily meditation habit. Love the dashboard and streak feature, more things like this plz!",True,breaaaaa01,2020-01-22 22:01:26,Great app,5,"{'id': 12872380, 'body': 'We are sorry that this issue is effecting you, we are aware of the bug and working to resolve it as soon as possible! Thanks for hanging in there while we work on it.\n\nEDIT: A fix has been rolled out for this issue and you should not be logged out of the app at random anymore. Please contact info@smilingmind.com.au if the issue persists.', 'modified': '2020-01-13T03:58:03Z'}",smiling-mind,560442518
This app is very helpful and it has helped me a lot üôè,False,fun ooh,2020-05-13 23:02:46,Thank you I love this app,5,"{'id': 15527869, 'body': 'Thank you for sharing, we are so glad to hear this!', 'modified': '2020-05-25T01:39:00Z'}",smiling-mind,560442518
I have done smiling mind for a pretty long time and it is awesome,False,gamer95608,2020-05-26 00:43:08,Amazing,5,"{'id': 15910297, 'body': 'Thanks so much!', 'modified': '2020-06-11T00:47:45Z'}",smiling-mind,560442518
"Keep it up.
Kindly give us new sessions
Thanks",False,John Valentine Uk,2020-12-05 09:27:31,You're awesome,5,,smiling-mind,560442518
I wish I could connect this to my Apple Health app.,False,Wicked Kamikaze,2020-01-07 05:42:48,Apple Health App,5,"{'id': 12782433, 'body': ""Thanks for the feedback! As a 100% not for profit providing a free app, we often have many more features which are requested by users than we can't immediately deliver with our resources. Because of this, all requests are reviewed and then prioritised based on how well they can help support us achieving our vision."", 'modified': '2020-01-08T02:34:31Z'}",smiling-mind,560442518
"Great app, just need integration with Apple health, so it can count as mindful minutes in the health app",False,Cotegrez,2020-05-09 06:56:01,Great app,4,"{'id': 15527835, 'body': 'Thank you for the great review! We are investigating the possibility of integrating with Apple Health in the future.', 'modified': '2020-05-25T01:37:54Z'}",smiling-mind,560442518
I keep getting error messages when trying to log in,False,Rahb811,2021-04-15 01:58:52,Can‚Äôt log in or create account,1,"{'id': 22308254, 'body': 'We apologise for the bug that occurred, our development team has solved this problem. Please update to the latest version.', 'modified': '2021-04-18T23:00:06Z'}",smiling-mind,560442518
im a few modules in and its a great start,False,Memetical,2020-05-09 11:47:25,App is very good,5,"{'id': 15527843, 'body': ""Thank you so much for sharing, we are glad to hear it's going so well!"", 'modified': '2020-05-25T01:38:15Z'}",smiling-mind,560442518
"My only gripe is I wish it wrote to the Apple Health app, the rest of the app is perfect",False,KyleKorth,2020-01-05 15:34:12,Love it,4,"{'id': 12756485, 'body': ""Thanks for the feedback! As a 100% not for profit providing a free app, we often have many more features which are requested by users than we can't immediately deliver with our resources. Because of this, all requests are reviewed and then prioritised based on how well they can help support us achieving our vision. "", 'modified': '2020-01-06T23:29:45Z'}",smiling-mind,560442518
I downloaded this app and it will not let me register. I have heard great things about this app but cannot use it.,False,kanwads,2021-04-15 02:43:27,Will not create an account,1,"{'id': 22308256, 'body': 'We apologise for the bug that occurred, our development team has solved this problem. Please update to the latest version.', 'modified': '2021-04-18T23:00:17Z'}",smiling-mind,560442518
I used the app daily for almost a month now...all of a sudden it just stop working üòë,False,Howard Dizzle,2021-04-14 12:35:30,Not angry but disappointed,1,"{'id': 22270427, 'body': 'We apologise for the bug that occurred, our development team has solved this problem. Please update to the latest version.', 'modified': '2021-04-15T23:48:13Z'}",smiling-mind,560442518
"Simplicity and Use
‚ÄãThe app is simple to use and the feature available are easy to navigate. However, this app is not meant to be used in short spurts like scrolling through Instagram or Facebook. As previously stated, this application is about mindfulness and meditation and when practicing these, an individual needs to set aside a portion of their time to complete. The app does provide the user with the ability to see the duration of a session ahead of time, so the individual can plan accordingly.
Playfulness
‚ÄãPlayful is not the word I would use to describe Smiling Mind. I do think the app provides a fun and easy to use way to guide an individual through mindfulness and meditation, but using the app requires an individual to be intentional and focused, which is not always the case for applications. Many of the apps that I consider to be fun and playful do not require my complete attention like Smiling Minds.
Visual Design
‚ÄãThe visual design of the app is appealing, but it is not eye catching. It resembles features of other apps and lacks a distinctive visual appeal that will set it apart from other applications like Instagram or Snapchat.
Sound Design
‚ÄãSound is included in each lesson and it is necessary. The narrator is a man with an Australian accent that guides the individual through the practice for each lesson. The man is clear and easy to understand. The man‚Äôs voice cannot be changed, but I found this helpful because it provided a uniform way to navigate through the mindfulness practices. It also helped me associate his voice with mindfulness and focus more clearly on each session by not becoming distracted by a new voice. The volume of his voice can also be adjusted as needed via an individual‚Äôs volume buttons.
Social
‚ÄãThis app is definitely intended to be used alone. There is no social component of the app with the exception of sub users, but even this is limited. When creating an account, Smiling Mind, does give the option to use an email or Facebook, but this is the extent to which I experienced app connections. 
Interactivity
‚ÄãSmiling Mind provides the user with access to their own personal data that has been tracked. Each user has a dashboard. On one‚Äôs dashboard with the number of sessions completed, meditation minutes, and user streaks via days. The dashboard also provides a bar graph of the days and length of use for users to get a visual. Lastly, the dashboard allows users to see what programs they have completed and are in the process of completing. 
Connectivity
‚ÄãOne does need network connection to navigate parts of the app like searching programs. However, users can download different programs and use the downloaded programs without internet. This opportunity to download and use without internet is the only way I have discovered for users to limit data usage.",False,ArtH1960,2020-09-08 12:12:47,Review from SW lens,3,"{'id': 17942789, 'body': 'Thanks for the comprehensive review!', 'modified': '2020-09-18T00:58:29Z'}",smiling-mind,560442518
"The Australian app, Smiling Mind, receives a 4.5/5 rating from me. The app was very easy to use and all the features were very clearly labeled and easy to navigate. I can appreciate the minimalistic approach to the design of this app by not overwhelming users with an abundance of tabs or features. The design of the app was professional as the color scheme was calming and pleasant to look at. The layout of the app is attractive to both adults and youth and each age program is catered to that population. Smiling Mind can be accessed through a variety of platforms making it easily accessible to anyone who is interested. The app can be downloaded on iOS, Android, and Microsoft devices. Additionally, Smiling Mind has a website that allows users to log on and access their programs via the web on a computer. The app is free and includes no in-app purchases which makes users feel more comfortable using the app without the fear of possibly being charged for something. The ability to access Smiling Mind via a computer can be especially helpful to educators, therapists, and other professionals that are working with children, adolescents, or young adults that do not have access to a smart phone. This app can particularly be helpful for adolescents and anyone that works with adolescents. According to Laser and Nicotera in their book ‚ÄúWorking with adolescents: A guide for practitioners‚Äù, adolescents are in the stage of formal operations which means that they are able to think abstractly, creatively, and in novel ways about new and old concepts (Laser, J.A. & Nicotera, N., 2010). Adolescents would highly benefit from using this app since they could connect to the lessons taught about mindfulness and meditation in a way that was unbeknownst to them before. The excitement that adolescents feel when they discover a new cognitive ability is intellectually stimulating and very enlightening for them. 

The most impressive portion of the app was the categorization of mindfulness programs by age groups. The app features three distinct categories: youth, adult, and family programs. Within each program there are subgroups pertaining to what each individual is looking for, making this app very specific to the user. The program I was most interested in was the youth program, as I am a medical professional that works with adolescents. The youth program is divided into subgroups in increments of 2-3 years. For example, there is a 3-6 years old group, 7-9 years old, 10-12 years old, 13-15 years old, and 16-18 years old. Each of the age groups is tailored to the stage of development that the child is in. The lessons and meditation guidance recordings are done in a way that is easy for the child to understand and uses metaphors and examples that the child can relate to. The app does not receive a full 5 stars from me because of age requirements for creating an account. When registering for an account, there is no mention of a minimum age or to input one‚Äôs date of birth. It was not until I read the Privacy Policy that I learned that individuals under the age of 18 need to ask their parents or guardians for permission to create an account. An adult can create an account and add the minor as a sub-account, however, that is not explained or mentioned on the opening page of the app or in the app store. Since the app can collect personal information, it is important for the developers to make it known that users under the age of 18 need parental consent to create an account.",False,Michalina0919,2020-01-28 16:55:33,App Review from Social Work Perspective,4,"{'id': 13192651, 'body': 'Thank you so much for this extremely considerate and detailed review! We really appreciate you taking the time to share this and are humbled that you have found such value in Smiling Mind. \n\nAs for you concerns around the sign up age, I have flagged this to our development team. \n\nThank you again and happy meditating!', 'modified': '2020-01-30T05:25:17Z'}",smiling-mind,560442518
