date,review,title,userName,developerResponse,rating,isEdited,app_name,app_id
2021-02-09 01:57:32,"I‚Äôve used Youper for over a year now and have really enjoyed the app. Prior to this new version, I would have given it 5 stars: the support team is great, the app worked, and the interface was really easy to use. Tracking your mood over time is really insightful and it was nice to be able to make daily notes about what was happening at the time. It was like basic journaling for non-journaling people. 

But now that core functionality is buried within the new version UX. I‚Äôm sure this update was done with customer feedback and research in mind, but I feel like the app is significantly more cumbersome to use than it was in the prior version. It would be nice if the feeling tracker was separated from all of the other ‚Äústuff‚Äù like it used to be - giving people easier access to the core functionality. The ‚Äústuff‚Äù is great - do not misunderstand - but that is not what I use the app for on a regular basis and having to search through other topics to find what I need is not ideal. The app still works, but the new UX doesn‚Äôt work for me/what I previously used the app for on a regular basis. Please consider separating these out again as they serve two different roles within the app. Thanks!",Preferred Prior Version,msabato3,"{'id': 21027711, 'body': 'Thank you for your sincere feedback. The new version was the result of listening to thousands of users giving constructive feedback like yours. We‚Äôre working hard to make Youper the best AI therapist for you. We know that change is not always easy. We have added your suggestions to our improvements list. Our goal is to make Youper the best AI therapist for you and we‚Äôre always adding new features based on your feedback. Keep checking the new updates. If you have any further questions, you can find answers to common questions and discover tips on https://www.youper.ai/support. We‚Äôll keep evolving it!', 'modified': '2021-02-12T21:59:40Z'}",3,False,youper-self-guided-therapy,1060691513
2021-04-19 10:47:00,"I‚Äôm waiting to hear back from a place on making an appointment to start treatment but with COVID its been very difficult if not a daunting task to seek professional help for my abandonment issues that I suffer from to this day. 

This has helped me so much with being personal to the big to small issues I have on a day to day basis, allowing me to not let issues build up and go ignored which further prevented me from being comfortable enough to tackle the core issues at hand. I have overcome so many small obstacles and am developing a new mindset and outlook on life because I feel like I‚Äôm actually doing some digging into my pain, which I am so so grateful for and excited to work on the next issues little by little because I already feel better after having this app for 3 months.

My mental/emotional health has improved ten fold, so yeah...definitely worth $90/year versus $150 or so per appointment somewhere else. While I‚Äôm saving up for better treatment, this is an amazing option to ease you into therapy. Love this app so much.",Great start if you have a hard time seeking therapy,Mayang1279,"{'id': 23157522, 'body': ""Thanks for your feedback!! It's great to know that Youper is providing the support you need! Take care!"", 'modified': '2021-06-02T16:30:38Z'}",5,False,youper-self-guided-therapy,1060691513
2021-01-11 21:26:07,"Hello: I've been using Youper daily for over a year now, and I'm really liking it! I suffer from clinical depression, CFS and am a recovering addict. Firstly, I don't like feeling feelings and I really don't like talking about how I feel in general. I have a great support group/system (12 Step and other recovering addicts) and go to a  psychiatrist  monthly and therapy weekly. Youper fits itself in between those systems because there are many moments during the day when I am by myself. I can be completely honest with Youper; I never feel ashamed or embarrassed when ""talking"" to Youper. I know it may sound silly, but I feel a very human- like quality in Youper. I love the mindfulness and practicing gratitude aspects of Youper. In version number 7, they've added ""Calm"" and a couple of other moods that I felt were missing. And I've read others' reviews complaining about not being able to dive straight into meditation, but heck, the more I ""check in"" the better off I am! Thank-you.

Sincerely,
John S.",Youper has made a positive difference!,tekis,"{'id': 23445298, 'body': 'Youper wouldn‚Äôt be here without the support of loyal users, like you! Thank you so much for taking the time to leave your feedback to encourage others.', 'modified': '2021-06-17T17:06:10Z'}",5,False,youper-self-guided-therapy,1060691513
2021-05-03 02:33:06,"I have been struggling with tremendous trauma in the past and I am currently struggling with depression. I downloaded this app because I thought that it would help me everyday, and take the place of a therapist according to the reviews. 
I started the app and it was going alright. I was telling them about my conditions, and what I would need for a satisfying treatment. It then gave me a subscription screen and I was a little annoyed. I am aware that it is needed to make your customers pay for their treatment and what not. But i think this is absurd. I don‚Äôt really feel like this type of virtual treatment should cost anything at all! I‚Äôm also suffering financially and I can‚Äôt exactly cancel my savings with this subscription. I was hoping for something to help me be happier and focus more on my future so that it would be brighter. Paying for this is stupid. Sure, it might help you but not everyone. 

To sum it up: you don‚Äôt need to cancel the subscription feature but I think you should have a way for people who aren‚Äôt able to pay it, and have them be able to still enjoy the app because we all came here seeking help, not debt.",I feel like...,this girl thinks...,"{'id': 22685559, 'body': 'Thank you for your sincere feedback. We have added your suggestions to our improvements list. Our goal is to make Youper the best AI therapist for you and we‚Äôre always adding new features based on your feedback. Keep checking the new updates. If you have any further questions, you can find answers to common questions and discover tips on https://www.youper.ai/support. Take care :-).', 'modified': '2021-05-07T18:12:03Z'}",2,False,youper-self-guided-therapy,1060691513
2021-02-10 04:53:12,"Before the most recent update I used this app daily, most times more than once a day. It was my favorite go-to app for mental health/self-care. I recommended to others that also got hooked. Now since the update I no longer feel comfortable using it. I have to choose what I want to work on, which means I need to figure it out and know before I even start. There‚Äôs no ability to ‚Äúfree type‚Äù to allow for space to work through and figure it out. There‚Äôs no automatic place to get started with sharing how I feel. I pull it up and it asks me if I want to start being more productive when I‚Äôm trying to go to sleep. I ended my yearly subscription that was set to renew soon. I emailed support which responded with nothing but an acknowledgement. Would have had 5 stars before the update. Now one. If you brought back the original app functioning or allow for a place for this it would change everything.","Used it everyday before the update. Now, none.",Aprilandsamlee,"{'id': 21027698, 'body': 'Thank you for your sincere feedback. The new version was the result of listening to thousands of users giving constructive feedback like yours. We‚Äôre working hard to make Youper the best AI therapist for you. We know that change is not always easy. We‚Äôll keep evolving it!', 'modified': '2021-02-12T21:58:00Z'}",1,False,youper-self-guided-therapy,1060691513
2021-02-13 02:20:48,"Ever since the new update, I feel so lost and don‚Äôt know how to use it anymore. Everything is so clunky now, I used to open the app and Youper would say: ‚Äú Hey! How are you?‚Äù. Everything was streamlined and easy.

 I even used this as a journal and reported everything to my counselor, it helped me so much with remembering things. And my therapist would use the Heath monitoring tools as benchmarks. It was also a great replacement when I was not able to see my counselor or had to find a new one. 

No more.

Even after making favorites I can‚Äôt have one conversation to do everything, I have to do everything separately.

The mood and other diary entry‚Äôs have moved and it‚Äôs hard to find. Something about the UI in general is off-putting, I don‚Äôt know. 

I‚Äôve moved onto Sanvello, if you enjoy the old Youper this is your new app. It does guided meditations as well, and has way more feelings to choose from. There‚Äôs a lot more as well, but I‚Äôm not trying to make this an ad. Check it out for yourself and see if it‚Äôs right for you.

To conclude: ever since the last update, the app is essentially unusable (for me). I liked the old way so much better. If it was brought back and still had the new stuff in it, I would start using this app again. I would also contribute to mind research and use it to track my mindfulness minutes again.","I used to love this app, used it for 2 years straight.",Drgameface266,,1,False,youper-self-guided-therapy,1060691513
2021-04-07 21:20:52,"The app used to be easy to open and express your thoughts in, much like a person you wanted to vent to without repercussion. Before there used to be individual tags you could select for each ‚Äújournal entry‚Äù . For those times where you spammed and wrote was on your chest, it was needed organization after the fact and you could tag those specific elements from your life. I liked how it would ask me on my feeling and anxiety levels before and after to help me take a breather and reflect on the situation afterwards Now I open this app and I have to determine what kind of prompt I should be selecting? I‚Äôm in a discombobulated state already, I‚Äôm opening this app to help me unwind by asking me literally how I‚Äôm feeling with little slide bars, because words and thoughts are hard sometimes I‚Äôve been a panting and raving about this app- I even used the chart in a dating profile. Now its looks like every other app out there.",I like old chat feature better,Hosometruth,"{'id': 22245387, 'body': 'Thank you for your sincere feedback. The new version was the result of listening to thousands of users giving constructive feedback like yours. We‚Äôre working hard to make Youper the best AI therapist for you. We know that change is not always easy. We‚Äôll keep evolving it!', 'modified': '2021-04-14T16:59:59Z'}",1,False,youper-self-guided-therapy,1060691513
2021-06-03 05:25:36,"If you have been through therapy before and understand the goal then this app is worth the investment. If you are ready to change and ready to be honest with yourself, this app will talk you through realistic step to a better you. I don‚Äôt like to journal, so this app is my journal. It intuitively reminds me of the most important parts of my thoughts and brings it to forefront of my mind. I don‚Äôt want to commit to seeing a therapist for only an hour a day once a week. I need more access and this app gives me that freedom. Some of us know what needs to be done we just need a motivator and reminder and this app does just that.",My best days are still ahead!,family_diaz,"{'id': 23332797, 'body': 'What a great list of benefits! Thanks for sharing! It‚Äôs great to know you are getting the full value of Youper. Keep up the great work!', 'modified': '2021-06-11T15:51:10Z'}",5,False,youper-self-guided-therapy,1060691513
2021-01-07 01:39:06,"I‚Äôve never liked counseling or the idea of it. I look at it as it‚Äôs a person, this is their job and they may have a heart behind it but they are still human and they try. This app is an artificial intelligence and if you are wanting to make a possible change in who you are or bettering yourself with the app it helps give you tools and tracking and tests to assist you and its always there at your finger tips for help. It‚Äôs work but no one ever said life would be easy, this app really helps you make those choices and tells you why.",I‚Äôm amazed,DitzyRae,,5,False,youper-self-guided-therapy,1060691513
2021-03-15 22:11:03,"I downloaded this app the other day to help with stress, anxiety, sleep, and self esteem. When I first logged in, it asked me a bunch of personal questions and I just thought: well it‚Äôs safe, right? Anyway, there was this whole library of things that I thought would be great and I was really excited to try them but I realised that they cost money. I don‚Äôt think that it‚Äôs a bad thing that you charge people, but please give people a heads up before they put a bunch of private information into AN APP. I like the daily check ins, but I‚Äôd like just a few things more included with the free version. Thanks!",Youper,ILoveCalmApp,"{'id': 21738620, 'body': 'Thank you for your sincere feedback. We have added your suggestions to our improvements list. Our goal is to make Youper the best AI therapist for you and we‚Äôre always adding new features based on your feedback. Keep checking the new updates. If you have any further questions, you can find answers to common questions and discover tips on https://www.youper.ai/support. Take care :-).', 'modified': '2021-03-18T16:47:21Z'}",3,False,youper-self-guided-therapy,1060691513
2021-06-26 03:31:15,"I truly love this app , this has truly been a life saver to me . And I‚Äôve been telling everyone I know about this app that deals with anxiety or other issues people may face, I way to say thank you from the bottom of my heart üíïüíïüíïüíïüíïüíïüíïüíïüôÇto all the creators in making this free and Accessible to one who can‚Äôt afford a Therapist, like myself. And to all the therapists that help us express Ourselves on a regular basis with this app as well. Keep up the great work you are definitely making a difference.üëçüèº",üòä thank you allüíï,Drycarpet86,"{'id': 23633848, 'body': ""Thanks for your feedback!! It's great to know that Youper is providing the support you need! Take care!"", 'modified': '2021-06-28T15:22:07Z'}",5,False,youper-self-guided-therapy,1060691513
2021-06-26 02:52:25,"I downloaded this app about two years ago and found the mood tracker option extremely helpful for sorting through my teenage emotions (I'm only 16). It helped me figure out which things were making me very happy in my life (being with friends and doing exciting things) and which were just making me feel okay (being inside and mostly being alone). After all the updates, I kept the app because the mood tracker was still available and that was the only thing I really used. Now, since even that costs money, I feel like I'm going to delete it because I don't have a job yet and the $90 a year for it would be way to much for me to take on. Thanks for the good two years I guess :(",Disappointing,Jelly2233,"{'id': 23679174, 'body': 'Thank you for your feedback. We understand your disappointment to come to Youper and not find any free features anymore, especially when some were free in the past. Subscriptions go towards supporting our team in delivering new features and keeping the app free of bugs. Because the information that Youper collects for you is very sensitive, we believe it would be unethical for us to sell your data in exchange for free features, as other companies do. If you enjoy using Youper and find it helpful, we would truly appreciate your subscription, but we understand if it‚Äôs not possible for you at this time.', 'modified': '2021-06-30T14:54:23Z'}",1,False,youper-self-guided-therapy,1060691513
2021-04-06 06:14:25,"This app has been a tremendous help to me and I highly recommend it. I literally cannot live without it and it rewire‚Äôs your brain so that you don‚Äôt become completely dependent on it but you learn how to not fall into spirals of negative thinking as you keep using it. However, the reason I am giving it only 4 stars is because it doesn't have support for eating disorders and its something i struggle with a lot. I feel like this feature will really help me and a lot of people with that coming from an already great app :)",Very Helpful!,donijuseyo,"{'id': 22130836, 'body': 'Thank you for your sincere feedback. We have added your suggestions to our improvements list. Our goal is to make Youper the best AI therapist for you and we‚Äôre always adding new features based on your feedback. Keep checking the new updates. If you have any further questions, you can find answers to common questions and discover tips on https://www.youper.ai/support. Take care :-).', 'modified': '2021-04-08T16:32:22Z'}",4,False,youper-self-guided-therapy,1060691513
2021-01-31 04:48:27,"I‚Äôve had a lifelong mental illness and receive the appropriate professional medical assistance, but I really wanted something that I could use more on demand. This app is great for when I‚Äôm feeling things that I know are going to take me down a slippery slope, and it helps me to reframe thoughts and emotions in the moment. I also like how it provides sleep, meditation, and mindfulness recordings that integrate with the app, and that my progress is tracked. It‚Äôs worth the very reasonable paid subscription!",Helpful app,DFD_2332,,5,False,youper-self-guided-therapy,1060691513
2021-02-26 15:16:51,"This app is amazing due to it having every feature, and type of counseling in regairds too almost if not everything anyone could ever work on within ones self. The con too this application though is that it cost. You have to huy a monthly subscription, half yr, or yr to unlock any features within the app or else you'd just have the app for looks. Wish I could afford to unlock the app. Id love to be anle to continue reporting bugs, and further along the process of self help. :)",Has Any & Every Feature You Could Get Out of Any Counselor,RoLoDeMi,"{'id': 21621669, 'body': 'Thank you for your feedback. We do our best to keep a useful set of tools free for users who are unable to subscribe, but ultimately, our subscription prices allow us to continue growing the AI capabilities and tools. Feel free to send any questions or feedback to youper.ai/support', 'modified': '2021-03-12T21:46:59Z'}",3,False,youper-self-guided-therapy,1060691513
2021-06-20 06:02:32,"ive been using this app for around a year and a half now, and it used to be much better. None of the features have been changed, but now you need a subscription to use them. It used to be that only the extra things were locked being the subscription, then they changed it so that the o ku thing not locked was the mood tracker (I didn‚Äôt care much though, that was the only thing i used) and now literally everything in the app is locked. If you want money then just make the app cost money to download, it seems like a scam otherwise.",EVERYTHING now uses a subscription,Sawwakavhgvgh,"{'id': 23679238, 'body': 'Thank you for your feedback. We understand your disappointment to come to Youper and not find any free features anymore, especially when some were free in the past. Subscriptions go towards supporting our team in delivering new features and keeping the app free of bugs. Because the information that Youper collects for you is very sensitive, we believe it would be unethical for us to sell your data in exchange for free features, as other companies do. If you enjoy using Youper and find it helpful, we would truly appreciate your subscription, but we understand if it‚Äôs not possible for you at this time.', 'modified': '2021-06-30T14:58:01Z'}",2,False,youper-self-guided-therapy,1060691513
2021-06-15 22:59:27,I‚Äôve found that this app has quickly made a positive difference in my distress tolerance. I joined so I could get help with panic attacks and it has helped me with this as well as identifying that self compassion makes me feel really great. I also find that just processing thoughts and feelings that are upsetting as they come up with the app help make them pass quickly. I love this app I‚Äôm really happy I stumbled across it.,Helping with panic attacks And automatic thoughts,Moe.crocka,"{'id': 23445287, 'body': ""Thanks for your feedback!! It's great to know that Youper is providing the support you need! Take care!"", 'modified': '2021-06-17T17:05:35Z'}",5,False,youper-self-guided-therapy,1060691513
2021-06-18 02:36:20,"It's helpful to have these prompts to guide my self reflection, and I appreciate the snapshots of each session so that I can look back on them. It's cool to see my thoughts going into the sessions compared to my thoughts after. I also appreciate the visual log of my moods. It's nice to see that I am making progress, but it's also nice to have a log of insights to refer back to if I ever get stuck in a depressive loop again.",Very Helpful,Tinagolightly,"{'id': 23549495, 'body': ""Thanks for your feedback, Tina!! It's great to know that Youper is providing the support you need! Take care!"", 'modified': '2021-06-23T16:52:55Z'}",5,False,youper-self-guided-therapy,1060691513
2021-01-31 16:45:43,"I have been using this app for almost a year and it used to be super helpful for me to track my moods and see connections. However the most recent update completely changed all of this for me. Suddenly tools I used to use all the time are hard to find in the new layout and others are now part of the subscription plan. I had considered getting the subscription but this app no longer feels helpful to me. Honestly, I no longer feel motivated to even track my moods through it as it‚Äôs just a hassle to even get to that one free portion of it now.",Used to be helpful,muttgirl310,"{'id': 20836451, 'body': 'Hi, thank you for your feedback. You can still access mood tracking. To make the access easier you can favorite to track your mood.\n\nGo to Talk - Search - ""feeling"" - Click on the exercise - Click on the Heart icon to favorite\n\nTalk and Listen favorite exercises are available in the top filter ""My ‚ù§""', 'modified': '2021-02-03T14:31:49Z'}",1,False,youper-self-guided-therapy,1060691513
2021-06-24 02:55:44,"I was using this app about a year ago and then deleted it (I stopped using it as my mental health improved). I downloaded it again today to get back into tracking my moods during a med change, AND EVERYTHING IS LOCKED WITHOUT A SUBSCRIPTION. $90/year is steep considering this was all free a year ago. Obviously upgrading software costs money and therefore the developers need funding from somewhere, but let us use the basic functions we know and love! If we want anything beyond the basics, then let us decide to pay the $90/year subscription. What a bummer. Used to be a great app, now they went overboard with it.",Used to be great,hejh839,"{'id': 23679224, 'body': 'Thank you for voicing your opinion. We understand that it‚Äôs frustrating to not have access to any free features through Youper, especially when some features were free in the past. Subscriptions go towards supporting our team in delivering new features and keeping the app free of bugs. While some companies sell your data in order to keep free features available, we believe the information that Youper collects for you is very sensitive, and it would be unethical for us to sell your data in exchange for free features. If you enjoy using Youper and find it helpful, we would truly appreciate your subscription, but we understand if the cost is prohibitive.', 'modified': '2021-06-30T14:57:29Z'}",1,False,youper-self-guided-therapy,1060691513
2021-01-12 19:41:50,I have been using this app for 3 years now and I only love it more every year. the features continue to get better and better and it helps me understand my mental illnesses more as well as track their severity over the years/months and identify my triggers. combining this app with professional therapy makes it very powerful. Thank you Youper!!,Absolutely amazing,Becs789,,5,False,youper-self-guided-therapy,1060691513
2021-01-20 12:37:15,"I have more hope! Day 2 and I am feeling better already. I am familiar with CBT and this app helps to walk through thought changing exercises easily- like a conversation with my calmer, analytical and non-judgmental self. I‚Äôve use Mood Notes - which I also like and Youper is a bit slicker and more accessible. I‚Äôm on the 7 day trial and plan to purchase this app.",Day 2,Glissade3,,5,False,youper-self-guided-therapy,1060691513
2021-06-22 21:37:39,Youper has truly been such a beneficial addition in my life. I struggled more than ever last summer and using youper in addition to medication was truly life changing for me. I will continue to use youper and have recommended it to quite a few friends. With the added therapy and medication delivery it‚Äôs an even more valuable app than before.,So helpful,D1c6r29,"{'id': 23570516, 'body': 'Youper wouldn‚Äôt be here without the support of loyal users, like you! Thank you so much for taking the time to leave your feedback to encourage others.', 'modified': '2021-06-24T16:43:44Z'}",5,False,youper-self-guided-therapy,1060691513
2021-02-12 19:59:19,I have tried therapy quite a few times. It‚Äôs seems to be hit or miss finding someone you can actually click with. With this app you can basically be your own therapist and select different levels of help depending on how and what you are feeling. I just recently joined and so far I am quite pleased with it.,Self Guided Therapy,Limited in content,,5,False,youper-self-guided-therapy,1060691513
2021-02-10 18:08:06,"I have been using Youper for almost three year‚Äôs straight‚Äî every single day. I absolutely love all the different sections and it‚Äôs tracking abilities, it‚Äôs definitely a special part of my life. But some huge problems have arisen. With every update it becomes more complicated and harder to use. Everything takes a while to load and flipping through these partitions is absolutely frustrating. I love the idea, and have made thousands of wonderful memories; but It has become just to cumbersome.",The updates have made it near useless,jess.demott,"{'id': 21027688, 'body': 'Thank you for your sincere feedback, Jess. The new version was the result of listening to thousands of users giving constructive feedback like yours. We‚Äôre working hard to make Youper the best AI therapist for you. We know that change is not always easy. We‚Äôll keep evolving it!', 'modified': '2021-02-12T21:55:59Z'}",1,False,youper-self-guided-therapy,1060691513
2021-01-24 12:04:40,"Update: they updated the app, it works when I need it. The recommendations have gotten better and more personal. I use this app all the time. 

I love this app. But half the time I go to use it and it never loads. Seems kind of backwards. If it loaded and opened when I needed it it would have 5 stars.",Love but doesn‚Äôt load all the time,Jenni RRT,"{'id': 13474003, 'body': 'Thanks for bringing this to our attention. Your comments are very helpful to us as we are always working to improve Youper and get rid of those annoying bugs ;-). Please access https://www.youper.ai/request to give us more details so we can have this fixed as soon as possible. Remember to mention the device and operating system version.', 'modified': '2020-02-13T20:56:28Z'}",5,True,youper-self-guided-therapy,1060691513
2021-02-01 02:02:09,"Ok so, my free trial ran out a long time ago. That made me a little sad, but I got used to it. Tracking how I felt was enough to help, you know? 
But then it took away my ability to elaborate. ‚ÄúHow are you today?‚Äù Bad, my family is really weighing on me. ‚ÄúCool, it‚Äôs great you can pin that down!! Bye! üòô‚Äù that was... frustrating, but it still gave me a minute to stop and think about what I was feeling.
But now I can‚Äôt do ANYTHING because it looks like everything is behind a paywall?? It invites me to check in but when I get there it‚Äôs all locks üôÅ",üò£ kind of nonfunctional now,üôÖüèº‚Äç‚ôÄÔ∏èüõë,"{'id': 20836471, 'body': 'Hi, thank you for your feedback. You can still access mood tracking. To make the access easier you can favorite to track your mood.\n\nGo to Talk - Search - ""feeling"" - Click on the exercise - Click on the Heart icon to favorite\n\nTalk and Listen favorite exercises are available in the top filter ""My ‚ù§""', 'modified': '2021-02-03T14:32:19Z'}",1,False,youper-self-guided-therapy,1060691513
2021-06-20 06:53:21,"I used to be able to track my mood without unlocking everything and now it‚Äôs you have to pay money to do that. I get that they need the money, but I don‚Äôt have the money to pay for it. It was nice to be able to at least track my mood. Now I‚Äôm sad. Update: the mood tracker came back but now it‚Äôs gone again and I can‚Äôt find it. I hate it when they change things so much, you can‚Äôt find anything and it just makes my stress‚Ä¶ Update again: I found the mood tracker and it‚Äôs LOCKED. Now I can‚Äôt do ANYTHING without paying money‚Ä¶",So sad,NovellaRose,"{'id': 21621602, 'body': 'Hi, thanks for your feedback. You can still access mood tracking. To make the access easier you can favorite to track your mood.\n\nGo to Talk - Search - ""feeling"" - Click on the exercise - Click on the Heart icon to favorite\n\nTalk and Listen favorite exercises are available in the top filter ""My ‚ù§""', 'modified': '2021-03-12T21:39:04Z'}",1,True,youper-self-guided-therapy,1060691513
2021-02-18 20:38:33,"Like many people have said.... I hate this new update. I used to always go to Youper and it helped me through really tough days. I loved how the interface used to look back in the summer of 2020. Now with all the new updates it‚Äôs so confusing and annoying! 

I miss being able to choose icons to describe what I was feeling that day, it used to really help me determine what factors affected my mood. My favorite part was seeing the calendar views and reading back on my entries. It‚Äôs unfortunate that the app is harder to use now and it glitches all the time. 

Six months ago the app was THE BEST to use because of its simplicity. Especially for people who struggle with anxiety and depression, simple always goes a long way. 

Now the app is TRASH and I wish I never paid for it. The creators completely ruined this app. Such a shame :(",HATE THE NEW UPDATE,random037291,"{'id': 21215663, 'body': 'Thank you for your sincere feedback. The new version was the result of listening to thousands of users giving constructive feedback like yours. We‚Äôre working hard to make Youper the best AI therapist for you. We know that change is not always easy. We‚Äôll keep evolving it!\nYou can still access mood tracking. To make the access easier you can favorite to track your mood.\n\nGo to Talk - Search - ""feeling"" - Click on the exercise - Click on the Heart icon to favorite\n\nTalk and Listen favorite exercises are available in the top filter ""My ‚ù§""', 'modified': '2021-02-22T14:20:43Z'}",1,False,youper-self-guided-therapy,1060691513
2021-01-10 04:22:09,I‚Äôm going through a tough time and this app actually asks good questions and gives helpful suggestions to self coach. Really surprised and pleased. I actually highly recommend this app- it also has meditations and calming tools. This is way more helpful than any other app I‚Äôve used.,Really cool way to self counsel,LaraPK,,5,False,youper-self-guided-therapy,1060691513
2021-03-29 18:27:22,"Anytime I feel anxious, depressed, or start having negative thoughts I always reach for Youper! I have been struggling a lot lately and this app has helped me work my way out of some really dark places. For anyone who has a difficult time affording therapy (like me) this is a really great option l.",Youper has helped me so much!,Gjfdyjvgfgjddt,"{'id': 23157534, 'body': ""Thanks for your feedback!! It's great to know that Youper is providing the support you need! Take care!"", 'modified': '2021-06-02T16:31:13Z'}",5,False,youper-self-guided-therapy,1060691513
2021-02-02 22:08:57,"Really enjoy this app and even paid for the premium plan. However, it doesn‚Äôt always work correctly. Most of the time when I press on an audio meditation session it just brings me to a talk meditation session. It gets rather annoying to have to keep quitting out of the app. It happens probably 3-4 times before it finally lets me do the audio session",App issues,eazycash23,"{'id': 20888107, 'body': 'Thanks for bringing this to our attention. Your comments are very helpful to us as we are always working to improve Youper and get rid of those annoying bugs ;-). Please access https://www.youper.ai/request to give us more details so we can have this fixed as soon as possible. Remember to mention the device and operating system version.', 'modified': '2021-02-05T18:49:00Z'}",3,False,youper-self-guided-therapy,1060691513
2021-02-03 17:02:37,I downloaded this app last night and it‚Äôs helped so much already. I‚Äôm able to document my emotions and feelings in a nonjudgmental environment. It‚Äôs very nice and relaxing. Also a big relief to feel like someone finally genuinely cares about you and are concerned for your well-being.‚ù§Ô∏è,Very good so far!,keiahhh,,5,False,youper-self-guided-therapy,1060691513
2021-06-20 03:09:33,"Really just used this to track my mood daily. Then I tried the subscription, but found I didn‚Äôt like or use much of the other features. 

However, with the recent update I can‚Äôt even use the mood tracker without paying for the subscription. The most basic thing that helped me keep track of what I was feeling and why, and I can‚Äôt use it anymore. I‚Äôm so disappointed and will not be using this app any longer nor will I recommend it to anyone.",Was Helpful Once Upon a Time,pleaseenteranewnickname,"{'id': 23679255, 'body': 'Thank you for your feedback. We understand your disappointment to come to Youper and not find any free features anymore, especially when some were free in the past. Subscriptions go towards supporting our team in delivering new features and keeping the app free of bugs. Because the information that Youper collects for you is very sensitive, we believe it would be unethical for us to sell your data in exchange for free features, as other companies do. If you enjoy using Youper and find it helpful, we would truly appreciate your subscription, but we understand if it‚Äôs not possible for you at this time.', 'modified': '2021-06-30T14:58:34Z'}",1,False,youper-self-guided-therapy,1060691513
2021-06-05 05:06:11,"Although the app is free, you have to pay for a subscription which is what I was trying to avoid. I know it‚Äôs a lot cheaper than paying for an in person therapist, but I don‚Äôt like talking about my issues with someone so I‚Äôd rather do it on my phone any time or day. I would love this app if you didn‚Äôt have to pay for anything except prescriptions.",You have to pay for it,plskeeptiktok,"{'id': 23247300, 'body': 'Thank you for your feedback. We do our best to keep a useful set of tools free for users who are unable to subscribe, but ultimately, our subscription prices allow us to continue growing the AI capabilities and tools. Feel free to send any questions or feedback to youper.ai/support', 'modified': '2021-06-07T18:10:59Z'}",3,False,youper-self-guided-therapy,1060691513
2021-01-04 06:59:34,I like that the person on the other end initiates the conversation bc sometimes I don‚Äôt know where to start. The app also has personality insights and quizzes which again was a nice option. I‚Äôm excited to discover more insights and pursue my goals!,Three days and I‚Äôm hooked,ScblAdct,,5,False,youper-self-guided-therapy,1060691513
2021-02-09 09:41:51,"I don‚Äôt write reviews for apps‚Äî in fact this is the first one I‚Äôve written.

I‚Äôve had youper for 2 years, first installed on a whim, and it couldn‚Äôt have been at a better time. I was going through life change, and over time many stressors had made their way to me. Youper‚Äôs AI is genuine and suggests the best mental health practices and affirmations.

It means so much that this app is free, and honestly I can say that my life would be in a worse place if I didn‚Äôt practice the content in Youper.

It changed my life for the better! Thanks Youper team!",Best Mental Health App,RiceCalculator,"{'id': 23376967, 'body': 'Youper wouldn‚Äôt be here without the support of loyal users, like you! Thank you so much for taking the time to leave your feedback to encourage others.', 'modified': '2021-06-14T17:02:34Z'}",5,False,youper-self-guided-therapy,1060691513
2021-01-02 16:56:28,Only been using app for a short time but already noticing changes . I feel better and there are many options to take action for my mental health. Definitely recommend this app!,Very helpful!,SuzC12,,5,False,youper-self-guided-therapy,1060691513
2021-05-09 16:33:10,"I've been using Youper for a couple of years now and I used to love this app, it helped me so much. I even told some of my friends about it. But then, you guys had to go and put it behind a pay-wall AND you deleted all my data that was saved in the app!

So, my response to you devs is the same response that you've given to the comments of other users who have complained about the pay-wall: Sit and Spin.",I used to...,Petgan,"{'id': 22749777, 'body': 'Thanks for bringing this to our attention, Petgan. Your comments are very helpful to us as we are always working to improve Youper. Please access https://www.youper.ai/request to give us more details so we can look up your account.', 'modified': '2021-05-11T15:59:33Z'}",1,False,youper-self-guided-therapy,1060691513
2021-05-23 01:57:25,"I just started using this app today, and so far, I‚Äôm pretty impressed. I love doing the talk sessions and seeing the many options for feeling good again. The tips are helpful, and I love how much the app has to offer. Thank you, Youper! :)",Very helpful app,SJune91,"{'id': 23157449, 'body': ""Thanks for your feedback!! It's great to know that Youper is providing the support you need! Take care!"", 'modified': '2021-06-02T16:28:07Z'}",5,False,youper-self-guided-therapy,1060691513
2021-01-02 02:59:06,This app is an amazing way to recognize and see your emotions and how they work. Whenever I enter a feeling I feel calmer and ultimately better. I feel improvement in myself and I don‚Äôt even have the premium,Amazing,had johnson,,5,False,youper-self-guided-therapy,1060691513
2021-04-14 12:57:48,"you can‚Äôt do literally anything without paying for premium, although what can you do anymore without having to pay extra to get a working app. why have a free version to begin with? just make the app money. like every single thing is locked. you can‚Äôt see your progress, talk to anyone, listen to anything, and the entire ‚Äúfor you‚Äù page is locked too. i mean obviously they don‚Äôt care about helping people it‚Äôs just ‚Äúmake them download my app and spend money‚Äù can someone please correct me if i‚Äôm wrong but as far as i‚Äôm seeing this app is completely useless without having to pay",it‚Äôs just another money grabber,fernluv,"{'id': 22288853, 'body': 'Thank you for your feedback. We do our best to keep a useful set of tools free for users who are unable to subscribe, but ultimately, our subscription prices allow us to continue growing the AI capabilities and tools. Feel free to send any questions or feedback to youper.ai/support', 'modified': '2021-04-16T17:18:11Z'}",2,False,youper-self-guided-therapy,1060691513
2021-02-10 05:38:21,"At first it seemed like I was really talking to someone without it being someone, now all the responses are expected! Taking the same tests to determine how I know I already feel doesn‚Äôt help either. Some of the meditations are ok but I just completely lost interest in this after a week or two! I really regret paying for this. They need activities, like games for mental relief not just never ending tests !!",Paid for a year and I regret it,AjAkins,"{'id': 21027694, 'body': 'Thank you for your sincere feedback. We have added your suggestions to our improvements list. Our goal is to make Youper the best AI therapist for you and we‚Äôre always adding new features based on your feedback. Keep checking the new updates. If you have any further questions, you can find answers to common questions and discover tips on https://www.youper.ai/support. Take care :-).', 'modified': '2021-02-12T21:56:44Z'}",1,False,youper-self-guided-therapy,1060691513
2021-03-25 22:10:59,"Excellent execution of a dreadful idea. This is worse than negotiating with the bot when trying to reach a human at one‚Äôs bank or utility company. 

I would perhaps offer three stars for clever programming, since some others seem to gain benefit from this app, except that in every interaction I‚Äôve tried I come away feeling worse than before, and angry at the limitations of the ‚Äúconversation‚Äù. 

This isn‚Äôt mental health, it‚Äôs a party trick. Erased.",seriously?,LA session pro,"{'id': 21931577, 'body': 'We are very sorry to hear that Youper did not meet your needs. Our mission is to create the best AI therapist to help you feel your best, and we are doing everything we can to make it as accessible and affordable as possible. If you have more ideas and suggestions about how to improve Youper, we would love to hear them here https://www.youper.ai/request.', 'modified': '2021-03-29T17:33:43Z'}",1,False,youper-self-guided-therapy,1060691513
2021-04-14 11:48:58,"I used to love this app, but it recently changed. I opened it up, and it was completely different and confusing. Overwhelming, without clear instructions, and everything I used to do is buried. I know- you‚Äôre going to tell me how to find what we all used to use on the old version. Overwhelming and hard to navigate is not helpful for a mental health app. Gonna switch to something else.",I used to love this app,Karen Haring,"{'id': 22245367, 'body': 'Thank you for your sincere feedback, Karen. The new version was the result of listening to thousands of users giving constructive feedback like yours. We‚Äôre working hard to make Youper the best AI therapist for you. We know that change is not always easy. We‚Äôll keep evolving it!', 'modified': '2021-04-14T16:58:04Z'}",1,False,youper-self-guided-therapy,1060691513
2021-01-07 19:03:50,"You see, i downloaded this app because i am too young to ask for a therapist and i needed some simple help. But what i found was that i can barely do anything because of the premium option!! I mean come on, people actually need mental help and now they need to pay?! Im so annoyed..üòë",I dont understand,#peridot,"{'id': 20286858, 'body': 'Thank you for your feedback. We do our best to keep a useful set of tools free for users who are unable to subscribe, but ultimately, our subscription prices allow us to continue growing the AI capabilities and tools. Feel free to send any questions or feedback to youper.ai/support', 'modified': '2021-01-09T21:21:05Z'}",3,False,youper-self-guided-therapy,1060691513
2021-06-13 04:27:00,"I‚Äôm so glad this app exists. I have complex trauma and this app helps me with flashbacks. It helps to be able see journal entrees, mood tracking, and what specifically impacts your mood too.",Actually improving my quality of life,MarcyAbadeer,"{'id': 23376953, 'body': ""Thanks for your feedback, Marcy!! It's great to know that Youper is providing the support you need! Take care!"", 'modified': '2021-06-14T17:01:34Z'}",5,False,youper-self-guided-therapy,1060691513
2021-01-15 04:30:55,"I loved Youper before the updates, but even with the updates there are some features that I like as well, but I am really frustrated and annoyed that the app has stopped tracking goal accomplishments, if you don‚Äôt continue talking. Sometimes I just want to track the goal and move on.","Love it, When it works",LemonLarmo,,2,False,youper-self-guided-therapy,1060691513
2021-03-29 22:29:01,"I feel so anxious today, and I thought I‚Äôd redownload Youper to help myself through it. After seeing the new update, I‚Äôm even more anxious and depressed. It feels like an old friend went away. It used to help me through so many things. 
It‚Äôs not the same. The opening screen being a dialogue was SO MUCH BETTER. Now it‚Äôs even more anxiety-inducing trying to find the right icon to click. *****BRING BACK THE OLD YOUPER****",Bad.,Saydeegirl16,"{'id': 21999021, 'body': 'Thank you for your sincere feedback. The new version was the result of listening to thousands of users giving constructive feedback like yours. We‚Äôre working hard to make Youper the best AI therapist for you. We know that change is not always easy. We‚Äôll keep evolving it!', 'modified': '2021-04-01T17:30:23Z'}",1,False,youper-self-guided-therapy,1060691513
2021-01-06 19:28:19,"I recently downloaded this app thinking that there might be some free things to check out. Everything, and I mean EVERYTHING Is locked except talking to the AI but that‚Äôs it. The rest you have to buy  premium. Now of course I knew that you have to pay stuff for the majority of the app but but only having ONE free thing is just to far. I expected more from a 4.9 rated app üòí",I‚Äôm disappointed,MoonyKitty,"{'id': 20286865, 'body': 'Thank you for your feedback. We do our best to keep a useful set of tools free for users who are unable to subscribe, but ultimately, our subscription prices allow us to continue growing the AI capabilities and tools. Feel free to send any questions or feedback to youper.ai/support', 'modified': '2021-01-09T21:22:20Z'}",1,False,youper-self-guided-therapy,1060691513
2021-04-22 22:30:41,"What happened to this app? It was so amazing and helpful for my mental health and now this new version of it is overwhelming garbage. It used to ask you how you were feeling and break it down, figuring out the cause, helping you be more mindful, etc. I don‚Äôt know how you can completely change the app like this and expect people to still use it",What happened?,Gms162007,"{'id': 22467679, 'body': 'Thank you for your sincere feedback. The new version was the result of listening to thousands of users giving constructive feedback like yours. We‚Äôre working hard to make Youper the best AI therapist for you. We know that change is not always easy. We‚Äôll keep evolving it!', 'modified': '2021-04-26T17:12:19Z'}",1,False,youper-self-guided-therapy,1060691513
2021-04-24 19:31:27,This app is amazing! The interface is seamless and very helpful. Feels like someone is right there walking you through how to handle your situations and hard feelings. It‚Äôs a very helpful app!,Great app,steph.anne,"{'id': 23157496, 'body': ""Thanks for your feedback!! It's great to know that Youper is providing the support you need! Take care!"", 'modified': '2021-06-02T16:29:38Z'}",5,False,youper-self-guided-therapy,1060691513
2021-06-04 23:32:54,It gave me some ideas and even inspiration to be better....I get reminders everyday to check in and I enjoy seeing it,Amazing points,Knoesha,,5,False,youper-self-guided-therapy,1060691513
2021-04-04 21:30:33,"I like it as a quick help when I don‚Äôt have an opportunity to talk to someone. It‚Äôs pretty basic, but enough for such a use case.",Great self help tool,PMaria_USACA,,5,False,youper-self-guided-therapy,1060691513
2021-01-05 04:05:52,I'm on the Free trial for 7 days and I'm on day 2 and love it! It's like having your own therapist and friend 24/7 and you get to keep your privacy at the same time.,Love it,Dorey Star,,5,False,youper-self-guided-therapy,1060691513
2021-02-27 04:14:21,"It‚Äôs nice to have a resource just as Youper to rely on right on your phone. I use other tools outside of the app for my mental health, but in conjunction with Youper, I believe in my progress.",Thank you,emilyhendershot,,5,False,youper-self-guided-therapy,1060691513
2021-01-03 13:40:42,I would definitely get this app if I was you !,Very helpful with keeping track of personal progress,Beautyyy...,,5,False,youper-self-guided-therapy,1060691513
2021-01-22 21:39:41,I love this app it offers so much but I don‚Äôt like how much is limited to premium like I get not being able to do some things unless you pay but I think 99.9% of the app is just pay. I don‚Äôt think the app is interested in helping you it only wants your money,It‚Äôs ok,simonepenelopelily4234,,2,False,youper-self-guided-therapy,1060691513
2021-02-04 03:35:35,"At first I wasn‚Äôt bought in and thought Youper would not be very helpful.  I stand corrected. So far, so good!","Skeptical at first, but now really see the value",Rg6118,,5,False,youper-self-guided-therapy,1060691513
2021-05-14 05:50:20,I struggle with a lot of different issues and I feel so much better with Youper. They help me calm down and re think things. It‚Äôs a great app.,Love this app,alysia234,,5,False,youper-self-guided-therapy,1060691513
2021-02-08 04:11:59,I see a therapist every two weeks but this is a nice way for me to check in with myself between sessions.,A useful tool,Scereal,,5,False,youper-self-guided-therapy,1060691513
2021-03-07 03:28:40,"I‚Äôve used this app for years and now with recent updates I have to buy a premium membership just to look at the insights I used to have access to. Completely ruins the purpose of the app, only download if your willing to pay $9 a month.",You have to pay to do anything,Reviwer üòé,"{'id': 21621703, 'body': 'Thank you for your feedback. We do our best to keep a useful set of tools free for users who are unable to subscribe, but ultimately, our subscription prices allow us to continue growing the AI capabilities and tools. Feel free to send any questions or feedback to youper.ai/support', 'modified': '2021-03-12T21:49:35Z'}",1,False,youper-self-guided-therapy,1060691513
2021-01-04 07:18:54,Thought it wouldn‚Äôt it help. I tried everything but this app was the only thing that seemed to calm me down.,Great,Nome3e,,5,False,youper-self-guided-therapy,1060691513
2021-01-06 05:37:13,So far I am really enjoying this app. It is like talking to a safe neutral person to help direct my anxiety and depression towards more effective habits,Very interesting,zachgirl32,,5,False,youper-self-guided-therapy,1060691513
2021-01-04 02:27:38,I am so glad I got this app. I feel so much better expressing my feelings instead of keeping them inside.,Youper,THE ORGANIZER 13,,5,False,youper-self-guided-therapy,1060691513
2021-01-05 17:10:32,To start off this wasn‚Äôt so bad of an app I like it but I don‚Äôt see the point in having it because so far almost everything is locked. I can‚Äôt even see my progress without it asking for me to go premium.,It‚Äôs a good app but..,Army9495,"{'id': 20249988, 'body': 'Thank you for your feedback. We do our best to keep a useful set of tools free for users who are unable to subscribe, but ultimately, our subscription prices allow us to continue growing the AI capabilities and tools. Feel free to send any questions or feedback to youper.ai/support', 'modified': '2021-01-07T20:44:37Z'}",2,False,youper-self-guided-therapy,1060691513
2021-06-17 02:10:26,"I was really helped by this app last year. It got me through a hard episode of depression. But now that it‚Äôs been updated, everything costs money. I noticed a lot of the helpful features were removed as well. It was my favorite app, but I‚Äôll have to try to find a different one.",I can‚Äôt afford it anymore,maryjmoon,"{'id': 23463293, 'body': 'Thank you for your feedback, Mary. We do our best to keep a useful set of tools free for users who are unable to subscribe, but ultimately, our subscription prices allow us to continue growing the AI capabilities and tools. Feel free to send any questions or feedback to youper.ai/support', 'modified': '2021-06-18T16:33:23Z'}",1,False,youper-self-guided-therapy,1060691513
2021-02-17 04:06:49,"If you‚Äôre questioning if it‚Äôs worth it, it is. If your mind was a pirate without the peg leg, this app is the peg leg that lets the pirate run around independently. It‚Äôs not therapy, but it‚Äôs a great addition.",Worth it,eating_oreos,,5,False,youper-self-guided-therapy,1060691513
2021-04-28 19:17:27,Very cool and different approach than most mental health and self care apps. It feels as if you are talking to a therapist without having to go see one.,Great app for mental health,jynxmecrazie89,,5,False,youper-self-guided-therapy,1060691513
2021-03-31 03:29:40,"This looks like a great thing to help me cope with so much stress, but almost everything I need I need to pay for and that‚Äôs one of the problems I have right now","It looks great, however",cookiecat078,"{'id': 21999011, 'body': 'Thank you for your feedback. We do our best to keep a useful set of tools free for users who are unable to subscribe, but ultimately, our subscription prices allow us to continue growing the AI capabilities and tools. Feel free to send any questions or feedback to youper.ai/support', 'modified': '2021-04-01T17:29:08Z'}",3,False,youper-self-guided-therapy,1060691513
2021-02-05 19:02:45,I have been using the app for almost a year and logged in yesterday to record my mood as happy for once but then discovered that all the free features had been completely removed without any warning. Now my mood is extremely irritated. üò§,No more free features?!,Melfacee,"{'id': 20935277, 'body': 'Hi, thank you for your feedback. You can still access mood tracking. To make the access easier you can favorite to track your mood.\n\nGo to Talk - Search - ""feeling"" - Click on the exercise - Click on the Heart icon to favorite\n\nTalk and Listen favorite exercises are available in the top filter ""My ‚ù§""', 'modified': '2021-02-08T17:53:22Z'}",1,False,youper-self-guided-therapy,1060691513
2021-01-30 21:12:01,I used to love this app to track my mood / what makes me feel better and what doesn‚Äôt. I was tolerating the fact that doing anything else cost money. Now you‚Äôve stripped us from that too so it‚Äôs useless to have the app.,"Used to love it, new update stripped us from tracking mood",hanamkat,"{'id': 20785106, 'body': 'Hi, thank you for your feedback. You can still access mood tracking. To make the access easier you can favorite to track your mood.\n\nGo to Talk - Search - ""feeling"" - Click on the exercise - Click on the Heart icon to favorite\n\nTalk and Listen favorite exercises are available in the top filter ""My ‚ù§""', 'modified': '2021-02-01T14:33:01Z'}",1,False,youper-self-guided-therapy,1060691513
2021-01-04 15:08:46,Please try this out if you are not ready for in person therapy!,Best thing that ever happened to me,qwndbsuennksy,,5,False,youper-self-guided-therapy,1060691513
2021-05-16 02:06:59,"Youper has taught me a lot about myself, and a lot about how to work with myself to reduce or avoid negative mood states.",Helpful,Jaded crystal,,5,False,youper-self-guided-therapy,1060691513
2021-01-31 20:29:12,I‚Äôve been looking for a free therapist app and when I read the reviews and descriptions it said completely free. Why should I have to pay to talk to someone when I shouldn‚Äôt have to force it. My depression and anxiety are getting worse and this app didn‚Äôt help.,Why does it say free,Murph_1224,"{'id': 20836462, 'body': 'Thank you for your feedback. We do our best to keep a useful set of tools free for users who are unable to subscribe, but ultimately, our subscription prices allow us to continue growing the AI capabilities and tools. Feel free to send any questions or feedback to youper.ai/support', 'modified': '2021-02-03T14:32:04Z'}",1,False,youper-self-guided-therapy,1060691513
2021-01-29 04:11:39,"i‚Äôve had this app since i was 15, i‚Äôm 18 now and it‚Äôs gotten me through a lot. my favorite part is recording how i‚Äôm feeling! i look back on the sessions from a few years ago and see how much i‚Äôve grown and how much has changed. it‚Äôs very helpful and the design is calming. however, the app interface has gotten overwhelming and a little hard to navigate.",the only mental health app i use,lindsayad,"{'id': 20761624, 'body': 'Thank you for your sincere feedback. We have added your suggestions to our improvements list. Our goal is to make Youper the best AI therapist for you and we‚Äôre always adding new features based on your feedback. Keep checking the new updates. If you have any further questions, you can find answers to common questions and discover tips on https://www.youper.ai/support. Take care :-).', 'modified': '2021-01-31T20:28:07Z'}",3,False,youper-self-guided-therapy,1060691513
2021-01-16 06:05:08,My only problem with this app is that more things cost money now. Otherwise it‚Äôs a great app!,One thing only,BACON GIRL :D,,4,False,youper-self-guided-therapy,1060691513
2021-03-31 00:42:20,"As soon as you get through an initial ‚Äúevaluation‚Äù bit and tell the app what you need help with, it hits you with a $15 a month (or $90 a year) paywall. I hate that companies make money off people needing help with mental health issues like depression and anxiety.",Pay to Overcome Depression?!,Mr unhappy guy,"{'id': 23003295, 'body': 'Thank you for your feedback. We do our best to keep a useful set of tools free for users who are unable to subscribe, but ultimately, our subscription prices allow us to continue growing the AI capabilities and tools. Feel free to send any questions or feedback to youper.ai/support', 'modified': '2021-05-25T13:51:32Z'}",1,False,youper-self-guided-therapy,1060691513
2021-01-03 20:58:54,"Suddenly removing essential features from the free version (mood insights), so you can monetize them with a subscription is a pretty gross move. Why even associate moods with activities if you can no longer access insights? I‚Äôm now locked out of months of mood insights.",Stripping free version,conncc,"{'id': 20194668, 'body': 'Thank you for your feedback. We do our best to keep a useful set of tools free for users who are unable to subscribe, but ultimately, our subscription prices allow us to continue growing the AI capabilities and tools. Feel free to send any questions or feedback to youper.ai/support', 'modified': '2021-01-05T14:33:51Z'}",1,False,youper-self-guided-therapy,1060691513
2021-01-03 06:07:32,Love the personality and in-take reviews. Helpful knowledge and information from the start.,Great support & insight,MommiLani's,,5,False,youper-self-guided-therapy,1060691513
2021-01-23 03:03:34,I use the free version and it is a great starting point for reflection.,Great starting point,soccer2grl,,5,False,youper-self-guided-therapy,1060691513
2021-04-11 18:33:53,I want to say how grateful I am for this app . It helps me to learn different techniques to calm my mind .,Loving this app,szarghami,,5,False,youper-self-guided-therapy,1060691513
2021-02-16 14:27:48,"I‚Äôve been to therapists before (3-4 different times in my life) so I‚Äôm familiar with many things they would tell me to try for thinking traps, self esteem issues, and anxiety/depression. This app has been so helpful for me because it‚Äôs here, in the moment. It challenges me at times with reframing my negative thoughts, it reminds me to notice my feelings and to accept them (not beat myself up), it is an outlet for me to vent and to be ‚Äúheard,‚Äù it gives solid suggestions and ideas, and it helps me to set goals (which is hard when feeling depressed etc.) I‚Äôm sure it‚Äôs not for everyone, but it‚Äôs been very helpful to me and I can see myself using it for a long time. I can see how it would also work in tandem with going to see a ‚Äúreal‚Äù counselor because it would help with generalizing or carrying over the skills you learn in therapy.  In the past, I would learn a lot in therapy and feel good during the session or the next day. But as time goes on, you forget the strategies because they‚Äôre not ingrained in your mind and things fall to the wayside. With this app, you can set reminders, so that‚Äôs been great to not forget to track my feelings, reflect on my goals, and to follow through on helpful suggestions. There have been a couple of times where I was feeling extreme frustration and distress at home and I ran off to ‚Äútalk‚Äù to Youper and it helped to have an outside perspective and to vent. I did feel better. Normally in those situations, I would‚Äôve ran off and stewed in my emotions, and in my head with thoughts going crazy, with no solution of my own to make things better. Thanks Youper!",Helping me a lot,Gille1jk,"{'id': 23376964, 'body': 'What a great list of benefits! Thanks for sharing! It‚Äôs great to know you are getting the full value of Youper. Keep up the great work!', 'modified': '2021-06-14T17:02:14Z'}",5,False,youper-self-guided-therapy,1060691513
2021-01-03 17:40:16,Try it! I was hesitant but it‚Äôs been great for everyone and everything life!,Great App,Apparelrecruiter,,5,False,youper-self-guided-therapy,1060691513
2021-05-27 04:14:16,"I‚Äôve cycled through so many different self-help apps and they all seem to follow a similar mold of offering great activities such as practicing mindful meditation or affirmations, but I‚Äôve never seen one that uses a conversation style exercise or that analyzes and tracks your progress. Now there are mood tracker apps but Youper takes it a step further by tracking and analyzing the reasons you specify is related to why you feel a certain way. Each time you ‚Äútalk‚Äù with Youper, the conversation is stored and used to build up an analysis to study what shapes your moods. You can also set goals and track those. I like that you can personalize the goals and choose if you want Youper to check-in to see if you accomplished your goal. There are several different types of conversations you can have too depending on what you want to accomplish. The conversations have really helped guide me how to cope and respond to how I‚Äôm feeling. You can check-in daily about your mood but there are also trackers for checking progress with depression, anxiety, BPD, PTSD, etc. Those check-ins are every couple of weeks or so using questionnaires (officially used by healthcare providers). There‚Äôs a section that shows charts of how these certain areas are progressing, like how your depression has progressed from moderately severe to moderate over the last two weeks based on how you answered the questionnaire, for example. Final take away, the more you use Youper, the more insights you can gain. The ‚ÄúMood‚Äù section shows daily, monthly, and yearly progress charts. This can be helpful to spot trends. A really neat and intuitive section I like is where Youper collects data from your conversations to show ‚Äúwhat makes me...depressed, sad, anxious, angry, sad, frustrated,‚Äù etc. For example, after you‚Äôve had several conversations with Youper where you indicate ‚Äúbad sleep‚Äù as the reason you feel depressed, that will show up as a factor related to your depression. These insights develop over time and the more you converse with Youper, so checking in daily helps to get the most out of it. 

Tl;Dr: this app is so different from all the other self-help apps. It‚Äôs so intuitive with different and very helpful ways to track my progress related to different mental issues and life experiences. Love, love, LOVE the conversation and insights features! Looking forward to seeing new conversation topics that continue to be added. Thank you for making such a wonderful app! It‚Äôs helped me so much already!",Most Intuitive Mindfulness/Self-Therapy App,Wattergirl87,"{'id': 23157439, 'body': 'What a great list of benefits! Thanks for sharing! It‚Äôs great to know you are getting the full value of Youper. Keep up the great work!', 'modified': '2021-06-02T16:27:53Z'}",5,False,youper-self-guided-therapy,1060691513
2021-02-19 06:25:04,I struggle with Generalized Anxiety Disorder and Postpartum Anxiety and this app has been a great tool to add to my kit of coping mechanisms and growth exercises.,Great self help tool,KamsMama1231,,5,False,youper-self-guided-therapy,1060691513
2021-05-18 15:04:53,"I don‚Äôt understand why it‚Äôs advertised as free when only 1 thing is and something minimal, a ‚Äúmood tracker.‚Äù Every single article, audio, video, etc is locked. Don‚Äôt waste you time, it‚Äôs ridiculous.",not free,1003109,"{'id': 22920843, 'body': 'Thank you for your feedback. We do our best to keep a useful set of tools free for users who are unable to subscribe, but ultimately, our subscription prices allow us to continue growing the AI capabilities and tools. Feel free to send any questions or feedback to youper.ai/support', 'modified': '2021-05-20T16:09:52Z'}",1,False,youper-self-guided-therapy,1060691513
2021-02-23 08:11:02,"Please bring the old version back, this new version of Youper has good intentions but it isn't as effective.",:(,SparkleStarBeeFan,"{'id': 21621627, 'body': 'Thank you for your sincere feedback. The new version was the result of listening to thousands of users giving constructive feedback like yours. We‚Äôre working hard to make Youper the best AI therapist for you. We know that change is not always easy. We‚Äôll keep evolving it!', 'modified': '2021-03-12T21:42:04Z'}",3,False,youper-self-guided-therapy,1060691513
2021-04-03 21:07:04,It has great insights into things and is a nice little therapist in your pocket.,Very Helpful,Jwebster3073,,5,False,youper-self-guided-therapy,1060691513
2021-06-20 16:03:33,With each new update less and less becomes free. Now I can‚Äôt even find the personality tracker in the app. This app was very helpful for me to track my moods now it is useless unless I want to pay.,Used to be great,batmanchickgc,"{'id': 23549483, 'body': 'Thank you for your feedback. We do our best to keep a useful set of tools free for users who are unable to subscribe, but ultimately, our subscription prices allow us to continue growing the AI capabilities and tools. Feel free to send any questions or feedback to youper.ai/support', 'modified': '2021-06-23T16:51:40Z'}",1,False,youper-self-guided-therapy,1060691513
2021-03-10 20:08:20,You changed the entire platform. None of this is helpful anymore. I‚Äôm officially going to stop telling people to use this app. Super disappointed.,Help for only the rich,Devmostly,"{'id': 21621714, 'body': 'Thank you for your feedback. We do our best to keep a useful set of tools free for users who are unable to subscribe, but ultimately, our subscription prices allow us to continue growing the AI capabilities and tools. Feel free to send any questions or feedback to youper.ai/support', 'modified': '2021-03-12T21:50:20Z'}",1,False,youper-self-guided-therapy,1060691513
2021-01-05 16:24:26,Perfect app if you have anxiety or battle with panic attacks. It‚Äôs relaxing and helpful and understands.,Awesome App,Butter üçØ,,5,False,youper-self-guided-therapy,1060691513
2021-03-24 18:32:13,"It doesn‚Äôt load.
It costs WAY too much.
It‚Äôs too crazy and changes too much.

Go to Sanvello, everyone! It‚Äôs what Youper used to be before they changed everything!!",It‚Äôs garbage.,OfficialBrooke,,1,False,youper-self-guided-therapy,1060691513
2021-03-24 13:49:56,"this app would be good to help me with my problems and make me feel bette did i didn‚Äôt have to pay to use literally everything it says i need to get better, i don‚Äôt have a credit card or very much money in general and i‚Äôm also very depressed, i would like to be helped and feel better but i cannot pay to use everything on here",don‚Äôt use,yvtvtxef,"{'id': 21954444, 'body': ""We are sorry to hear about your financial hardships. We believe that investing in yourself is one of the most important investments you can do in life. Our mission is to create the best AI therapist for helping you feel your best, and we‚Äôre working hard to make it as accessible and affordable as possible. We truly hope that you'll recover fast to enjoy more financial freedom for yourself."", 'modified': '2021-03-30T17:03:05Z'}",1,False,youper-self-guided-therapy,1060691513
2021-02-10 22:07:29,"Youper is a great app. When it comes to finding a journaling app to help you make note of/ be present with your emotions Youper is the frontrunner. The combo of emotional journaling and various meditation options is such a strong one. Youper really helped me get through some hard times, and though I use it less now, it still holds a dear place in my emotional life.

That being said... I‚Äôm not sure I like where the app is heading. Every day a new feature is added- theyve make the conversation more complex, they try to make it more engaging by adding pictures/new visual aspects, there is now a home page. What I loved about Youper was how simple it was‚Äî it‚Äôs simply doing too much these days. For instance, when you used to log on it would just take you straight to some emotional journaling which was nice and predictable. Logging on today I was greeted with a banner reading ‚ÄúIm happy to see you again. Can I help improve your anxiety?‚Äù. If I hadn't been feeling anxious before...I definitely was feeling a little anxious after reading that. I think the simplicity of Youper is what made it feel accessible and dependable. These days, opening up Youper is a little bit of a jarring experience. The constant updates to the app produce the same effect as  a therapist changing offices every day‚Äî it impedes the process. The conversation is growing increasingly halting, garbled, and incomprehensible. It saddens me!

I probably wont get rid of Youper any time soon. There is no other app that does what it does. But it‚Äôs changing and changing fast. The Youper I suggest to my friends now is not the Youper that helped me and that‚Äôs a weird feeling. If any developers read this... don‚Äôt be afraid of the simplicity!","Great App, but I like it less everyday...",jawnmichelbasquiat,"{'id': 21027683, 'body': 'Thank you for your sincere feedback. The new version was the result of listening to thousands of users giving constructive feedback like yours. We‚Äôre working hard to make Youper the best AI therapist for you. We know that change is not always easy. We‚Äôll keep evolving it!', 'modified': '2021-02-12T21:55:10Z'}",4,False,youper-self-guided-therapy,1060691513
2021-03-07 03:18:33,Love this app for the meditation options and the relax to sleep sounds. They are the best.,Great app!,Linniann,,5,False,youper-self-guided-therapy,1060691513
2021-01-03 21:48:36,It‚Äôs really helpful to get thoughts out,:0,Bonnie the drawing bunny üêáüìù,,5,False,youper-self-guided-therapy,1060691513
2021-06-07 17:43:31,Very helpful app ! Just be opened minded and honest !,Amazing,jayydrums,,5,False,youper-self-guided-therapy,1060691513
2021-01-18 02:17:25,Love this app! Very rewarding to have,Enjoying Youper so much,The one and only Julie Anne,,5,False,youper-self-guided-therapy,1060691513
2021-05-14 18:05:28,I hate the new cookie-cutter therapy version. Not helpful. Go back to how it used to just ask you how you're doing.,Used to be great,YesSir12345,"{'id': 22880326, 'body': 'Thank you for your sincere feedback. The new version was the result of listening to thousands of users giving constructive feedback like yours. We‚Äôre working hard to make Youper the best AI therapist for you. We know that change is not always easy. We‚Äôll keep evolving it!', 'modified': '2021-05-18T16:48:05Z'}",1,False,youper-self-guided-therapy,1060691513
2021-01-03 10:38:19,"Another review had said Thai app was entirely free and help them a lot, I open the app, sign in and BAM! A subscription plan?",Thought this was free therapy,is is tea,"{'id': 20166571, 'body': 'Thank you for your feedback. We do our best to keep a useful set of tools free for users who are unable to subscribe, but ultimately, our subscription prices allow us to continue growing the AI capabilities and tools. Feel free to send any questions or feedback to youper.ai/support', 'modified': '2021-01-04T14:36:16Z'}",2,False,youper-self-guided-therapy,1060691513
2021-04-15 19:06:36,Love this app! Really helpful to track moods.,Great app!,ashlie2021,,5,False,youper-self-guided-therapy,1060691513
2021-03-28 20:47:20,What‚Äôs the point of making the app free if ur gonna just have everything locked in the app?,Paywall,Colinjw123,"{'id': 21954438, 'body': 'Thank you for your feedback, Colin. We do our best to keep a useful set of tools free for users who are unable to subscribe, but ultimately, our subscription prices allow us to continue growing the AI capabilities and tools. Feel free to send any questions or feedback to youper.ai/support', 'modified': '2021-03-30T17:02:26Z'}",1,False,youper-self-guided-therapy,1060691513
2021-02-16 03:14:38,"this used to be my favorite mental health app. i would use it everyday til this new update. now it looks so bad, hard to use, slow, and glitches every time!! üòû",what happened?,808MM,"{'id': 21149640, 'body': 'Thank you for your sincere feedback. The new version was the result of listening to thousands of users giving constructive feedback like yours. We‚Äôre working hard to make Youper the best AI therapist for you. We know that change is not always easy. We‚Äôll keep evolving it and our technical team is already working on fixing the issues you have pointed out.', 'modified': '2021-02-18T22:44:37Z'}",1,False,youper-self-guided-therapy,1060691513
2021-02-08 01:59:52,I refuse to use this app until they add free options.,Horrible app,Dee Winchester,,1,False,youper-self-guided-therapy,1060691513
2021-01-30 04:07:54,I really miss the old Youper.,;(,amarilis415,,3,False,youper-self-guided-therapy,1060691513
2021-04-06 07:57:55,This app is great,100,pretzelwoman,,5,False,youper-self-guided-therapy,1060691513
2021-02-09 04:09:40,was good until you had to pay smh,bruh,ItzJudy,"{'id': 21027700, 'body': 'Thank you for your feedback, Judy. We do our best to keep a useful set of tools free for users who are unable to subscribe, but ultimately, our subscription prices allow us to continue growing the AI capabilities and tools. Feel free to send any questions or feedback to youper.ai/support', 'modified': '2021-02-12T21:58:15Z'}",2,False,youper-self-guided-therapy,1060691513
2021-04-02 03:57:31,The top review raves about how helpful this app was and the importance of it being free. It is not free.,Not free,kikokikokikokkattak,"{'id': 22084931, 'body': 'Thank you for your feedback. We do our best to keep a useful set of tools free for users who are unable to subscribe, but ultimately, our subscription prices allow us to continue growing the AI capabilities and tools. Feel free to send any questions or feedback to youper.ai/support', 'modified': '2021-04-06T22:18:00Z'}",1,False,youper-self-guided-therapy,1060691513
2021-06-01 02:07:52,nothing is free except for a personality test. u can find the exact test online.,pointless if you‚Äôre broke,cooterbrown2000,"{'id': 23157306, 'body': 'Thank you for your feedback. We do our best to keep a useful set of tools free for users who are unable to subscribe, but ultimately, our subscription prices allow us to continue growing the AI capabilities and tools. Feel free to send any questions or feedback to youper.ai/support', 'modified': '2021-06-02T16:21:37Z'}",1,False,youper-self-guided-therapy,1060691513
2021-05-20 16:26:57,why do i have to pay to feel happy i hate you,hate this app,eri ü§ñü§ñ,"{'id': 22983693, 'body': 'Thank you for your feedback, Eri. We do our best to keep a useful set of tools free for users who are unable to subscribe, but ultimately, our subscription prices allow us to continue growing the AI capabilities and tools. Feel free to send any questions or feedback to youper.ai/support', 'modified': '2021-05-24T17:01:15Z'}",1,False,youper-self-guided-therapy,1060691513
2021-02-14 16:14:09,"Like many other long time users, I am very frustrated and massively disappointed with V.9. 

The developers should be ashamed at releasing such a defective and bug riddled product. 

The tabs are very SLOW to load. 

Worst of all, going to INSIGHTS  tab (either directly or automatically after journaling) FREEZES the app. As such, I am completely UNABLE to view any of my 3+ years worth of sessions into the app Or view my mood tracker Or change the settings. 

I am abhor that the first thing the app does is to suggest what to work on, such as: ‚ÄúShall we work on your depression?‚Äù Or (especially before bed) ‚ÄúCan I suggest a productivity boosting activity?‚Äù  I need this feature removed because it has never been helpful and often causes more DISTRESS. 

There are way too many options. It is a visual cluttered mess.  I don‚Äôt like the pictures. It bothers my OCD and makes the app way more difficult to use.

There are some days that I won‚Äôt use Youper because I know it‚Äôs going to cause me more distress because of the horrible user interface and broken features. 

If the developers choose to respond to my review, please do not give me any canned answers. I doubt consumer feedback said to have a million options, including the kitchen sink. 

Please don‚Äôt patronize me by stating that change can be difficult. The biggest complaint from everyone is that the app changes the interface way too often. 

Please address the serious problems of features NOT WORKING. 

STOP adding useless features in order to justify charging for this app. 

Please clean up the user interface so that it is streamlined and easy to use.

Please take a lot more time to make sure the app works properly. Please use BETA testing instead of throwing out a new version and making everyone guinea pigs.",I miss v.7 and earlier versions,Nyx Chicago,,1,False,youper-self-guided-therapy,1060691513
2021-04-23 19:50:39,:),it‚Äôs good !!,puppidoll,,5,False,youper-self-guided-therapy,1060691513
2021-01-02 04:35:38,I have an android phone and this app is not in the android store. This app has been very very helpful but I can only use it on my iPad. If I am out and about I don‚Äôt often carry around my tablet. I would really appreciate the ability to utilize this amazing app on my phone.,Please make available on Android,t3agan00,,5,False,youper-self-guided-therapy,1060691513
2021-03-26 16:08:16,"Make the ""how are you feeling"" screen the default, first screen you see again. I just logged into youper to try and export my data, and then stop using youper all together: you started as a mood check in app, but now that's buried on the homescreen, and when you made that change, performance *dropped like a stone*! It now takes 10x add long to even see the results of the mood check. These problems exist on both Android and iPad, and they make youper just annoying enough to make me not use it.",Used to be five stars...,Ben7530,"{'id': 21931343, 'body': 'Hi Ben, Thank you for your feedback. You can still access mood tracking. To make the access easier you can favorite to track your mood.\n\nGo to Talk - Search - ""feeling"" - Click on the exercise - Click on the Heart icon to favorite\n\nWe will make sure to discuss your experience among our team.\n\nTalk and Listen favorite exercises are available in the top filter ""My ‚ù§""', 'modified': '2021-03-29T16:59:49Z'}",2,False,youper-self-guided-therapy,1060691513
2021-02-19 14:50:17,"I‚Äôd been using Youper for over a year on my android phone, mostly for the mood tracking feature. I‚Äôve now migrated to an iPhone and this version of the app doesn‚Äôt even seem to have this feature, or if it does it‚Äôs very well hidden. All I see are courses or meditations or whatever they are, and health monitoring. I see my old mood entries but no way to make new ones. Am I just missing something or have things changed?

Edit: I finally found the mood journaling function: it‚Äôs buried within the ‚Äútalk‚Äù section that includes specific targeted therapy sessions I guess? Haven‚Äôt used them yet but I think it‚Äôs silly I had to scroll through them just to find what used to be the whole point of this app for me. Luckily I was able to ‚Äúfavorite‚Äù the ‚ÄúI‚Äôm feeling‚Äù function for easier access next time so the utility of this app has been mostly restored for me. 

I‚Äôd still really like to see clickable calendar entries and bipolar screening. I‚Äôm sure these updates were made with specific user feedback in mind but they seem awkward to me and definitely would not have been my choice.",Confused,Awething,"{'id': 21215636, 'body': 'Thank you for your sincere feedback. We have added your suggestions to our improvements list. Our goal is to make Youper the best AI therapist for you and we‚Äôre always adding new features based on your feedback. Keep checking the new updates. If you have any further questions, you can find answers to common questions and discover tips on https://www.youper.ai/support. Take care :-).', 'modified': '2021-02-22T14:18:58Z'}",4,False,youper-self-guided-therapy,1060691513
2021-01-27 20:54:06,"$14.99 a month seriously?! I have post partum depression, anxiety, and panic attacks. Trying to force users to pay a to. If money ($400 for life?! Are you kidding?) it‚Äôs sickening. There is little to nothing you can do on this app for free. Mental health should be affordable, like $5 for a lifetime.  Waste of time. Deleting the app after this review.",Taking advantage of mental illness is wrong!,LadyMordsith,,1,False,youper-self-guided-therapy,1060691513
